goal,adherence_pct,avg_sleep,avg_soreness,workout_completion_pct,weight_change_kg,weeks_since_last_adjustment,label
bulk,46.7,8.2,2.0,39.8,-1.19,6,stay_course
bulk,45.2,6.6,1.1,45.3,0.02,1,stay_course
bulk,51.9,7.7,3.2,45.4,0.27,1,stay_course
cut,81.9,6.2,1.6,97.0,-0.49,1,increase_intensity
maintain,45.8,8.7,3.4,86.5,0.69,5,stay_course
cut,98.4,6.4,3.2,88.1,0.36,3,reduce_calories
bulk,51.5,4.8,3.6,84.1,1.46,2,deload_week
cut,62.8,6.8,4.3,41.4,-0.43,6,deload_week
maintain,82.1,7.9,1.3,74.4,0.1,2,increase_intensity
cut,67.7,5.8,4.7,78.2,-0.84,3,deload_week
cut,53.7,4.7,2.3,48.7,-0.87,5,deload_week
bulk,58.9,7.8,2.6,94.0,-0.12,3,stay_course
cut,54.8,7.3,2.1,70.9,1.19,4,stay_course
maintain,53.2,9.5,3.0,36.4,-1.36,1,increase_calories
cut,77.6,8.5,2.7,34.4,-0.36,4,stay_course
bulk,55.1,7.3,4.8,77.6,-1.16,5,deload_week
maintain,86.1,6.2,2.2,41.1,-1.49,6,increase_calories
bulk,55.8,7.0,1.7,93.9,1.11,3,reduce_calories
bulk,70.5,5.5,2.5,41.3,1.36,5,reduce_calories
cut,75.9,6.9,1.4,55.4,1.46,3,reduce_calories
cut,43.5,8.9,4.8,36.0,-0.04,1,deload_week
bulk,86.0,5.1,2.9,68.5,-0.7,5,deload_week
maintain,97.9,9.1,4.0,78.3,0.64,4,stay_course
bulk,79.0,6.7,3.1,38.5,-0.83,3,increase_calories
cut,75.3,5.7,1.9,35.0,0.39,2,reduce_calories
cut,94.3,8.8,1.3,46.7,0.51,2,reduce_calories
bulk,47.9,9.2,3.3,63.1,0.85,4,stay_course
cut,45.7,7.8,2.4,58.8,1.09,1,stay_course
bulk,79.2,7.7,1.2,81.0,0.9,1,increase_intensity
cut,51.5,7.2,1.6,42.8,-0.11,1,stay_course
maintain,88.5,8.8,1.4,75.7,0.12,1,increase_intensity
cut,95.6,8.7,1.7,64.0,-0.86,4,stay_course
cut,49.9,4.5,2.6,94.9,0.86,3,deload_week
maintain,81.8,8.2,4.1,76.3,-0.04,2,stay_course
maintain,53.1,4.8,3.9,34.3,-0.56,1,deload_week
bulk,68.6,9.1,3.1,34.0,0.02,2,stay_course
cut,75.7,7.9,1.9,38.4,1.17,2,reduce_calories
bulk,75.7,7.6,2.7,70.9,0.07,3,increase_intensity
cut,80.2,6.1,2.1,39.2,0.44,4,reduce_calories
maintain,95.7,9.2,1.0,73.5,0.19,1,increase_intensity
cut,72.3,7.0,1.5,54.4,-1.29,2,increase_calories
maintain,57.1,6.7,3.2,51.2,1.45,6,reduce_calories
bulk,40.5,8.6,2.2,76.4,1.32,2,reduce_calories
maintain,46.9,5.0,3.2,49.1,0.31,6,deload_week
maintain,52.2,7.7,2.1,64.2,1.22,1,reduce_calories
cut,78.1,8.6,1.2,53.3,-1.11,3,stay_course
cut,84.5,7.3,2.7,30.7,-1.27,6,increase_calories
cut,72.7,8.7,3.3,40.4,-1.12,3,stay_course
maintain,93.9,8.5,4.4,92.9,-0.87,2,deload_week
bulk,46.2,8.4,4.5,58.4,0.36,2,deload_week
cut,91.9,9.4,4.2,91.7,-1.43,6,deload_week
maintain,86.9,6.6,3.7,81.5,-0.76,2,stay_course
bulk,46.5,8.9,4.4,45.6,0.95,4,deload_week
maintain,58.3,8.5,1.9,31.7,-0.92,3,increase_calories
maintain,91.9,9.3,2.1,74.9,-0.3,5,increase_intensity
maintain,96.4,5.1,4.9,42.5,1.39,3,deload_week
cut,46.5,6.7,3.9,52.0,0.32,5,stay_course
cut,63.1,7.4,2.0,79.6,-1.49,5,increase_calories
bulk,83.2,8.2,3.7,55.5,-1.29,6,increase_calories
maintain,77.4,7.8,1.5,93.0,0.02,6,increase_intensity
maintain,59.6,8.0,3.2,43.4,0.49,4,stay_course
bulk,84.9,5.4,3.3,58.4,1.0,3,deload_week
maintain,52.6,8.4,3.4,52.6,-0.17,6,stay_course
cut,70.7,8.5,4.8,81.5,0.48,3,deload_week
bulk,79.8,7.6,1.4,96.6,-0.8,3,increase_intensity
cut,88.4,5.2,1.2,98.9,0.33,1,deload_week
maintain,64.9,7.6,1.8,78.7,-0.02,2,stay_course
cut,79.4,4.5,4.0,83.9,-1.18,4,deload_week
cut,50.6,9.3,3.1,33.5,-0.75,1,stay_course
maintain,48.0,6.8,3.1,69.1,-0.55,4,stay_course
bulk,88.9,9.0,2.7,93.5,-0.16,2,increase_intensity
bulk,91.7,6.8,4.0,88.8,-0.67,5,increase_calories
maintain,77.6,5.9,1.3,50.0,-0.68,3,stay_course
bulk,44.8,5.3,2.5,40.7,-0.86,4,deload_week
maintain,59.9,6.8,1.2,88.3,-0.33,5,stay_course
bulk,41.2,8.9,3.3,63.4,1.33,3,reduce_calories
maintain,91.2,9.3,2.7,82.3,0.14,5,increase_intensity
cut,69.3,5.9,2.9,57.2,0.51,4,stay_course
bulk,49.9,6.8,1.5,73.6,-1.42,4,stay_course
bulk,73.9,4.6,3.6,39.5,-0.11,1,deload_week
maintain,62.7,5.6,2.3,83.3,-0.36,4,stay_course
maintain,90.1,6.9,4.0,33.6,1.36,2,reduce_calories
bulk,44.1,9.3,1.2,32.2,-0.76,1,stay_course
bulk,49.1,5.1,3.7,69.5,-0.85,6,deload_week
maintain,86.0,5.3,3.4,82.4,-1.16,2,deload_week
maintain,46.5,4.6,2.2,77.4,1.37,4,deload_week
bulk,51.9,7.5,4.3,47.0,0.59,3,deload_week
bulk,76.0,5.1,4.9,84.8,-0.46,4,deload_week
bulk,62.2,7.0,2.4,89.5,0.97,1,stay_course
maintain,97.6,7.7,4.3,79.5,-0.19,6,deload_week
bulk,97.9,5.9,4.2,67.7,-0.05,4,deload_week
bulk,75.5,6.1,2.0,95.4,-0.66,4,increase_intensity
cut,85.0,7.3,3.7,53.5,-0.02,3,reduce_calories
cut,69.3,6.3,2.0,49.6,0.29,3,stay_course
bulk,40.6,9.2,1.3,80.4,-0.03,2,stay_course
bulk,68.6,8.1,2.8,31.2,-0.62,4,stay_course
bulk,54.6,7.8,2.5,68.7,-0.47,6,stay_course
bulk,59.8,8.0,2.1,47.6,-1.14,2,stay_course
maintain,47.2,7.2,4.0,43.0,-0.85,4,increase_calories
maintain,83.5,9.4,3.1,49.8,-1.2,2,increase_calories
maintain,53.6,5.4,1.1,67.4,-0.68,1,deload_week
bulk,57.5,9.2,3.6,82.7,-1.19,1,stay_course
bulk,57.1,6.9,2.4,97.6,-0.74,4,stay_course
cut,89.3,6.5,1.3,74.1,-1.34,2,increase_intensity
bulk,96.9,4.9,2.0,69.1,-0.25,5,deload_week
bulk,53.5,7.1,2.8,61.0,1.08,4,reduce_calories
maintain,74.1,4.8,4.8,36.9,0.79,6,deload_week
cut,55.9,4.9,2.0,68.6,-1.03,4,deload_week
maintain,81.4,6.8,1.1,50.2,-0.65,4,stay_course
cut,81.2,9.1,4.2,73.8,0.48,2,deload_week
maintain,46.9,5.6,1.6,48.6,-1.07,1,increase_calories
cut,87.6,7.5,4.3,94.5,-0.18,4,deload_week
bulk,58.2,6.5,2.1,67.8,-0.19,5,stay_course
cut,93.4,8.2,3.4,31.8,-0.81,6,stay_course
bulk,75.2,4.6,4.1,87.5,0.23,2,deload_week
maintain,71.1,6.7,2.1,99.8,-0.19,4,increase_intensity
cut,68.2,6.5,2.3,37.3,-1.02,4,stay_course
bulk,69.7,7.8,2.6,83.2,-1.39,1,stay_course
maintain,55.1,5.1,4.1,90.5,0.97,1,deload_week
bulk,92.2,6.8,1.2,66.3,0.37,4,stay_course
bulk,66.5,4.8,2.1,39.2,-0.64,6,deload_week
maintain,47.3,9.4,3.4,46.8,-1.02,5,increase_calories
cut,73.1,5.0,5.0,93.9,-0.12,1,deload_week
bulk,89.9,7.0,3.9,65.6,-0.68,4,increase_calories
maintain,54.6,7.3,2.5,94.5,0.02,2,stay_course
cut,56.6,8.5,2.7,95.4,0.02,1,stay_course
maintain,83.6,8.7,3.3,76.2,1.1,4,reduce_calories
bulk,69.1,6.2,4.1,56.4,1.3,2,reduce_calories
bulk,54.3,6.4,4.4,58.8,-0.55,4,deload_week
bulk,94.8,6.4,5.0,85.5,0.46,2,deload_week
maintain,97.9,5.1,4.9,53.2,-1.2,4,deload_week
cut,71.6,6.8,3.9,58.7,0.46,2,stay_course
cut,68.2,9.3,2.4,78.5,0.45,3,stay_course
bulk,91.6,6.4,2.3,80.3,0.78,5,increase_intensity
cut,77.0,5.7,3.7,50.1,-0.82,1,stay_course
maintain,98.7,8.3,3.8,37.0,-1.0,3,increase_calories
cut,42.8,8.5,2.2,56.2,-1.06,5,stay_course
maintain,74.0,8.5,1.7,35.5,1.11,5,reduce_calories
bulk,54.4,9.1,1.6,62.3,-0.74,3,stay_course
bulk,40.6,8.5,4.6,77.4,-1.03,4,deload_week
maintain,99.3,6.0,4.8,78.3,-0.13,3,deload_week
cut,100.0,8.8,1.4,56.7,-0.42,3,stay_course
bulk,57.7,9.4,3.6,49.2,0.2,6,stay_course
bulk,98.4,9.1,4.0,88.3,1.21,2,reduce_calories
bulk,88.1,5.6,1.8,47.5,0.77,6,stay_course
bulk,90.3,7.6,4.6,75.2,-0.57,4,deload_week
cut,74.8,8.2,1.4,50.7,0.74,2,stay_course
cut,47.9,7.2,4.9,67.2,1.24,2,deload_week
maintain,94.8,9.2,4.9,50.7,1.11,1,deload_week
maintain,97.8,5.2,4.9,90.2,0.67,4,deload_week
bulk,61.9,8.5,1.1,67.6,-0.14,6,stay_course
bulk,80.3,7.4,4.3,95.8,-1.17,2,deload_week
maintain,41.5,8.9,3.2,94.1,-0.84,1,increase_calories
bulk,89.4,9.0,2.2,58.6,-1.08,1,stay_course
maintain,99.8,5.1,1.9,67.6,-0.33,3,deload_week
bulk,97.0,8.0,3.2,71.1,0.68,4,stay_course
bulk,45.9,6.9,2.6,96.6,-1.4,3,stay_course
cut,66.6,9.3,4.4,37.0,0.56,5,deload_week
bulk,61.5,6.5,1.8,38.6,1.04,4,reduce_calories
cut,79.8,7.7,3.4,31.5,0.86,2,reduce_calories
cut,87.2,5.5,4.3,68.8,0.26,2,deload_week
maintain,86.5,8.4,3.4,49.4,1.45,2,reduce_calories
bulk,55.0,5.4,3.6,31.8,-1.46,2,deload_week
bulk,59.4,5.4,1.2,81.9,0.08,6,deload_week
cut,68.6,8.4,3.1,37.6,0.01,5,stay_course
cut,83.6,9.0,3.6,51.1,0.43,1,stay_course
cut,99.9,8.7,2.7,37.6,0.64,4,reduce_calories
cut,94.0,6.1,1.6,38.8,0.37,5,reduce_calories
bulk,82.7,6.4,3.4,50.6,0.02,4,increase_calories
cut,87.6,5.1,3.6,91.4,0.15,2,deload_week
maintain,67.1,5.6,2.4,61.7,-0.25,1,stay_course
maintain,65.6,7.8,2.5,40.7,1.27,1,reduce_calories
cut,89.9,5.0,1.4,81.7,0.94,5,deload_week
cut,75.2,7.3,2.3,38.6,-0.44,6,stay_course
maintain,92.1,8.1,4.9,72.0,-0.45,5,deload_week
bulk,52.8,7.8,1.9,37.6,1.04,3,reduce_calories
cut,85.8,7.4,4.2,89.2,1.42,5,deload_week
bulk,80.5,7.3,3.4,76.0,0.58,1,stay_course
cut,56.4,8.3,4.7,54.6,-0.96,2,deload_week
bulk,79.4,4.8,4.0,98.0,-1.22,5,deload_week
cut,62.6,6.8,1.6,51.8,-0.53,5,stay_course
bulk,45.1,4.8,1.6,73.2,0.52,3,deload_week
maintain,79.7,6.9,2.8,49.1,0.76,1,stay_course
maintain,65.8,5.9,3.7,64.1,0.5,1,stay_course
cut,63.7,7.5,1.0,51.1,-0.87,2,stay_course
maintain,57.4,5.1,3.0,60.1,-1.11,5,deload_week
bulk,53.8,7.3,3.7,54.8,-0.31,6,stay_course
cut,66.2,6.8,1.3,51.9,-0.21,4,stay_course
bulk,78.4,5.9,2.6,97.6,-0.98,5,increase_intensity
maintain,89.9,9.1,1.4,89.1,-0.77,5,increase_intensity
maintain,71.4,6.5,2.2,53.8,-0.5,2,stay_course
cut,70.6,5.1,3.0,93.4,-0.45,6,deload_week
bulk,88.9,5.7,1.6,43.8,0.31,6,stay_course
cut,50.6,8.4,3.0,82.8,0.78,4,stay_course
bulk,95.4,7.3,3.5,73.7,1.09,6,reduce_calories
maintain,49.1,4.8,2.8,51.2,-0.68,1,deload_week
maintain,70.4,6.1,2.8,34.0,1.0,1,reduce_calories
bulk,91.9,8.8,3.5,65.5,-0.11,5,increase_calories
bulk,93.8,6.7,4.2,75.6,-0.54,4,deload_week
bulk,49.1,4.8,1.4,92.9,-0.47,6,deload_week
cut,70.3,5.4,2.0,60.6,-0.18,5,deload_week
bulk,49.5,6.4,2.1,58.6,-0.48,5,stay_course
cut,87.4,7.7,1.3,36.6,0.54,3,reduce_calories
maintain,83.4,7.8,4.6,91.1,-0.5,5,deload_week
bulk,48.5,6.2,4.9,78.9,-0.32,5,deload_week
bulk,96.3,6.0,2.5,85.4,0.94,6,increase_intensity
bulk,89.7,8.2,3.7,66.8,0.44,4,stay_course
bulk,61.7,6.3,1.7,45.0,1.34,4,reduce_calories
cut,53.6,5.2,1.3,89.1,-1.2,5,deload_week
bulk,93.0,4.7,2.3,83.6,-1.11,4,deload_week
cut,49.7,8.7,4.1,86.6,-1.0,4,stay_course
cut,64.7,7.9,2.0,61.1,-0.65,6,stay_course
maintain,54.0,5.7,4.9,84.9,1.21,2,deload_week
maintain,80.7,7.4,2.8,83.9,0.83,5,increase_intensity
bulk,65.1,5.3,1.8,72.3,1.12,1,deload_week
bulk,68.8,6.4,4.7,79.8,0.05,1,deload_week
maintain,45.0,5.3,2.8,65.9,0.99,1,deload_week
cut,89.0,8.9,4.7,59.0,-0.31,3,deload_week
cut,63.2,4.9,1.9,52.3,-1.2,6,deload_week
bulk,60.1,5.2,1.2,94.2,-0.08,2,deload_week
bulk,68.1,7.6,4.6,31.3,-0.85,2,deload_week
bulk,96.4,7.5,2.7,84.3,-0.79,1,increase_intensity
cut,54.3,7.7,3.5,34.4,1.01,4,stay_course
bulk,72.2,7.7,3.3,80.3,-0.63,1,stay_course
bulk,61.2,7.4,1.7,76.8,0.07,3,stay_course
cut,97.2,7.2,4.1,65.5,-1.44,4,increase_calories
cut,78.1,9.4,2.0,31.1,0.87,3,reduce_calories
cut,84.0,7.6,4.1,81.5,-0.5,1,stay_course
maintain,72.8,8.6,1.7,84.5,-0.11,6,increase_intensity
maintain,77.9,8.6,1.3,84.3,-0.13,3,increase_intensity
cut,42.6,5.5,1.2,95.3,0.05,5,stay_course
maintain,55.2,8.3,1.8,55.0,0.84,6,reduce_calories
maintain,56.4,8.5,2.7,58.0,-0.18,4,stay_course
maintain,98.4,7.0,3.0,94.7,0.06,1,increase_intensity
bulk,65.5,6.7,5.0,42.6,-0.62,1,deload_week
cut,59.7,6.0,2.8,80.2,-1.0,4,stay_course
maintain,66.8,8.1,4.6,73.0,-0.2,6,deload_week
cut,44.5,7.7,2.5,86.1,0.54,1,stay_course
cut,90.9,7.9,2.8,38.8,-0.79,6,stay_course
maintain,61.7,9.2,1.1,40.7,-0.15,3,stay_course
maintain,66.6,4.9,1.6,55.7,-0.56,3,deload_week
cut,97.6,4.6,1.7,66.2,1.24,1,deload_week
maintain,86.5,8.0,1.9,72.8,0.58,4,increase_intensity
cut,47.4,8.8,2.8,92.9,-0.16,1,stay_course
bulk,98.1,9.4,3.7,79.7,0.15,3,stay_course
maintain,91.1,8.1,4.7,74.6,0.88,5,deload_week
cut,47.3,5.5,1.6,85.3,-1.42,5,increase_calories
bulk,62.1,8.5,3.2,72.8,-1.24,3,stay_course
maintain,100.0,8.1,3.1,83.8,0.97,1,reduce_calories
cut,98.3,7.7,2.8,77.6,-0.47,5,increase_intensity
bulk,75.3,8.3,1.5,65.2,1.1,1,reduce_calories
bulk,49.2,5.3,2.3,79.7,-0.46,5,deload_week
maintain,90.8,5.8,3.5,68.6,-1.12,3,increase_calories
bulk,72.0,7.0,1.7,95.9,-1.04,6,increase_intensity
bulk,83.2,7.5,4.4,69.5,0.98,1,deload_week
cut,42.7,7.7,3.3,75.6,0.8,4,stay_course
bulk,78.3,7.0,3.5,50.3,1.37,4,reduce_calories
cut,88.3,7.9,2.2,35.1,-1.32,4,increase_calories
maintain,69.1,5.5,3.4,51.9,0.66,6,stay_course
maintain,98.5,5.2,2.5,69.3,-0.54,4,deload_week
cut,56.0,5.7,1.4,50.3,-0.35,5,stay_course
maintain,54.9,8.8,1.6,52.9,0.23,3,stay_course
cut,85.8,7.0,3.1,64.9,-0.57,1,stay_course
cut,96.7,7.0,4.9,45.1,-0.44,1,deload_week
maintain,69.7,8.9,3.6,62.9,0.11,1,stay_course
maintain,48.0,5.8,2.5,58.2,-1.36,1,increase_calories
bulk,73.7,6.3,2.2,57.0,-0.15,5,stay_course
maintain,89.5,7.6,3.4,39.0,-1.21,3,increase_calories
maintain,73.5,6.3,1.6,72.2,-0.3,1,increase_intensity
cut,42.3,8.1,4.2,66.4,-1.05,5,deload_week
cut,59.7,7.6,1.7,99.3,0.72,3,stay_course
bulk,60.2,8.6,3.1,79.6,-0.6,1,stay_course
maintain,59.9,5.0,2.7,51.5,1.2,6,deload_week
bulk,41.6,6.9,4.9,84.8,0.83,5,deload_week
cut,83.3,7.4,1.7,74.0,0.36,4,increase_intensity
cut,89.3,5.7,3.3,79.0,-0.93,4,stay_course
maintain,65.1,6.6,1.8,65.1,0.33,4,stay_course
bulk,83.6,8.0,3.1,69.3,1.49,4,reduce_calories
bulk,62.6,9.3,2.8,67.3,0.14,6,stay_course
bulk,80.8,8.5,2.1,63.9,1.37,3,reduce_calories
bulk,57.9,9.2,4.9,84.0,0.61,6,deload_week
bulk,69.3,6.9,3.2,95.4,0.66,3,stay_course
cut,74.4,7.2,4.6,57.6,-0.46,2,deload_week
maintain,42.5,9.3,1.3,94.7,0.47,6,stay_course
maintain,52.8,8.6,2.1,69.3,-0.69,1,stay_course
bulk,84.5,5.7,1.2,93.4,-0.82,2,increase_intensity
cut,46.0,6.2,2.9,77.7,-1.09,5,stay_course
cut,64.4,9.2,4.5,63.4,-0.9,3,deload_week
maintain,57.1,4.8,4.1,75.7,-0.8,6,deload_week
bulk,91.0,4.7,4.7,59.3,1.01,1,deload_week
maintain,87.3,5.4,4.0,91.1,-0.63,1,deload_week
cut,57.9,7.5,4.7,53.5,-0.14,6,deload_week
bulk,71.5,8.9,1.5,65.3,-0.68,1,stay_course
maintain,49.7,6.8,2.0,43.0,0.71,3,stay_course
bulk,80.5,5.5,3.4,74.7,-0.28,4,increase_calories
bulk,59.7,6.5,1.4,98.7,-0.07,2,stay_course
cut,55.6,5.7,4.0,96.8,-0.59,6,stay_course
bulk,40.7,7.8,3.8,34.3,-1.15,3,stay_course
cut,64.3,7.0,4.6,79.2,-0.57,1,deload_week
bulk,95.0,6.0,3.5,45.3,-1.1,2,increase_calories
maintain,84.9,7.5,2.7,68.4,-0.09,5,stay_course
bulk,89.5,8.3,3.7,71.7,0.86,5,stay_course
maintain,71.7,6.3,4.7,37.9,0.99,5,deload_week
cut,74.4,5.2,2.3,66.4,-1.15,2,deload_week
bulk,75.0,5.0,3.0,86.6,-0.14,5,deload_week
maintain,67.4,4.8,2.8,86.5,0.67,4,deload_week
maintain,89.0,8.2,3.3,33.2,-0.47,1,stay_course
bulk,99.6,9.2,1.3,95.4,-1.4,4,increase_intensity
cut,86.1,8.3,4.9,75.2,-0.24,4,deload_week
maintain,92.2,9.0,2.5,77.8,0.49,5,increase_intensity
cut,79.2,6.2,1.7,67.6,0.09,6,reduce_calories
cut,90.1,8.3,4.9,62.4,0.66,4,deload_week
bulk,62.8,5.6,2.8,40.9,-0.93,6,stay_course
cut,41.9,7.8,3.5,95.5,1.17,2,stay_course
cut,44.0,7.5,2.8,77.0,1.12,2,stay_course
bulk,42.7,6.7,3.2,82.8,0.83,2,stay_course
bulk,99.6,5.7,4.7,70.3,0.23,6,deload_week
maintain,54.2,8.9,4.9,66.5,-0.26,3,deload_week
cut,73.4,7.5,3.9,42.3,0.54,5,stay_course
maintain,42.8,6.2,3.6,56.7,0.07,6,stay_course
maintain,64.5,6.0,1.7,67.7,-0.78,2,stay_course
maintain,91.5,5.2,2.9,34.0,-0.26,4,deload_week
bulk,71.8,6.4,2.0,53.1,-1.26,4,stay_course
maintain,45.5,8.1,1.8,48.8,0.52,5,stay_course
cut,92.4,5.4,4.0,80.7,0.18,4,deload_week
cut,92.2,6.2,4.8,31.1,1.31,6,deload_week
cut,84.8,8.3,4.7,78.7,0.61,4,deload_week
cut,73.1,8.4,2.5,67.4,-0.42,3,stay_course
maintain,70.8,7.0,1.4,98.7,-0.09,3,increase_intensity
cut,62.2,6.6,3.3,45.5,-1.06,3,stay_course
bulk,96.1,7.4,2.7,40.7,-0.51,4,increase_calories
bulk,90.0,7.0,3.6,77.9,-0.73,4,increase_calories
bulk,78.5,7.0,1.7,85.6,-0.99,6,increase_intensity
bulk,69.3,9.1,3.2,74.9,-1.32,1,stay_course
cut,96.7,7.8,4.1,58.9,1.03,2,reduce_calories
cut,82.4,4.5,3.0,56.1,0.35,6,deload_week
bulk,94.8,7.8,1.1,67.3,-0.27,1,stay_course
bulk,83.3,7.2,2.1,65.2,0.59,4,stay_course
cut,46.4,5.0,1.6,43.4,0.08,3,deload_week
maintain,87.7,4.9,4.8,62.1,-0.77,6,deload_week
cut,58.0,8.6,1.3,99.4,0.45,1,stay_course
cut,64.3,6.4,2.9,74.6,0.61,1,stay_course
maintain,90.7,7.7,2.3,98.4,1.42,5,increase_intensity
cut,53.8,9.0,3.8,69.7,-0.69,1,stay_course
bulk,95.5,9.0,3.3,32.3,1.29,3,reduce_calories
cut,97.7,7.4,4.0,79.9,-0.31,1,stay_course
maintain,49.7,5.7,4.3,57.2,1.19,3,deload_week
maintain,85.3,5.2,5.0,80.7,0.0,3,deload_week
cut,45.9,5.7,1.3,72.4,0.34,5,stay_course
maintain,98.1,6.1,3.5,84.8,-0.15,2,stay_course
maintain,73.2,6.4,1.7,71.0,-0.36,5,increase_intensity
maintain,87.9,8.1,1.3,40.8,0.64,6,stay_course
cut,84.4,6.1,1.4,30.4,-0.58,3,stay_course
maintain,46.1,4.9,2.7,69.0,0.04,1,deload_week
cut,45.4,7.3,3.4,84.9,1.09,1,stay_course
maintain,64.8,8.4,3.9,69.2,1.48,2,reduce_calories
bulk,71.3,7.9,1.7,48.8,-0.69,2,stay_course
cut,50.0,5.9,2.2,84.8,-0.42,2,stay_course
bulk,77.5,7.5,1.8,37.5,-0.59,4,increase_calories
maintain,90.5,6.4,4.4,60.8,-0.21,6,deload_week
bulk,48.2,6.1,4.8,44.1,-0.56,4,deload_week
maintain,57.5,8.0,3.0,70.3,-0.77,4,stay_course
maintain,89.0,6.5,1.5,69.5,0.28,5,stay_course
cut,80.9,7.3,4.8,62.3,0.63,4,deload_week
maintain,89.9,4.8,4.4,85.7,0.52,2,deload_week
bulk,58.2,5.8,1.6,59.6,-0.37,4,stay_course
bulk,68.8,6.5,3.0,94.4,0.58,5,stay_course
cut,87.4,6.3,4.6,67.6,0.41,1,deload_week
cut,86.1,7.8,2.4,75.3,-1.37,6,increase_intensity
bulk,78.8,9.3,2.3,85.7,-1.18,1,increase_intensity
maintain,53.3,8.2,3.2,78.1,-0.84,3,increase_calories
maintain,67.8,7.9,3.8,40.6,1.49,4,reduce_calories
cut,57.7,9.1,1.3,88.2,0.69,3,stay_course
maintain,60.6,8.4,3.1,54.4,-1.21,6,increase_calories
bulk,67.1,4.8,1.2,79.8,-1.43,3,deload_week
bulk,46.6,8.5,4.7,81.8,0.05,5,deload_week
cut,59.9,6.6,2.8,85.8,0.39,2,stay_course
bulk,79.4,6.5,3.9,91.8,-0.15,4,increase_calories
maintain,40.3,5.6,2.1,79.3,0.89,5,reduce_calories
cut,88.0,7.2,2.5,43.8,-1.16,6,stay_course
maintain,71.7,7.7,3.4,72.8,0.26,3,stay_course
maintain,90.7,7.6,4.3,79.4,-0.61,5,deload_week
bulk,45.1,5.2,1.5,51.4,-0.95,6,deload_week
cut,70.6,6.6,1.6,56.9,-0.94,6,stay_course
bulk,81.6,7.7,5.0,68.8,-0.03,2,deload_week
cut,58.9,6.8,1.2,55.1,-1.47,2,increase_calories
cut,88.9,9.3,3.0,64.6,0.55,4,reduce_calories
bulk,90.4,6.9,1.3,32.2,0.78,3,stay_course
cut,56.5,7.2,1.7,62.0,0.73,4,stay_course
bulk,70.6,7.4,2.1,68.0,1.47,5,reduce_calories
cut,85.6,6.7,1.9,59.8,0.71,6,reduce_calories
cut,57.9,9.5,2.8,54.4,0.95,4,stay_course
cut,86.5,5.7,4.2,71.2,-0.45,6,deload_week
bulk,78.0,5.3,1.6,44.5,-0.88,1,deload_week
bulk,61.0,5.9,3.2,52.7,0.61,3,stay_course
bulk,56.0,8.8,4.9,77.6,-1.21,4,deload_week
cut,99.5,8.8,1.5,90.6,-0.75,6,increase_intensity
maintain,89.7,8.3,3.7,64.3,0.23,3,stay_course
bulk,64.9,6.8,3.5,91.6,-1.22,5,stay_course
bulk,56.7,9.2,2.5,96.5,-0.52,1,stay_course
bulk,45.6,9.4,3.5,78.8,1.05,5,reduce_calories
maintain,53.1,6.6,1.8,48.8,0.99,3,reduce_calories
bulk,74.7,7.3,2.9,54.1,0.55,1,stay_course
cut,46.0,8.4,2.8,38.7,1.07,4,stay_course
maintain,40.0,9.3,1.8,78.2,-1.1,6,increase_calories
maintain,49.5,9.2,2.1,75.8,-0.75,3,stay_course
bulk,94.2,5.3,2.6,51.4,0.6,2,deload_week
maintain,79.3,8.0,1.0,63.4,-1.1,2,increase_calories
bulk,80.8,4.5,3.8,87.2,1.46,4,deload_week
bulk,47.9,4.9,2.5,81.2,-1.19,3,deload_week
maintain,92.9,5.2,4.1,82.7,-1.1,6,deload_week
cut,44.1,7.3,3.4,41.5,-0.45,2,stay_course
bulk,84.9,9.1,3.5,61.0,-0.85,1,stay_course
cut,85.1,7.4,2.5,97.4,-0.56,2,increase_intensity
cut,56.6,4.9,3.2,72.0,0.32,6,deload_week
cut,90.9,7.8,2.2,66.2,0.03,6,reduce_calories
maintain,57.7,4.8,4.6,96.8,-0.02,1,deload_week
cut,70.0,7.5,3.1,98.4,1.46,3,stay_course
cut,63.2,8.7,2.7,68.2,-0.98,4,stay_course
cut,41.0,4.8,2.0,32.8,-1.32,4,deload_week
bulk,57.2,8.1,4.1,59.7,-0.29,6,stay_course
bulk,72.3,5.3,1.3,35.5,1.26,2,deload_week
bulk,59.6,7.4,4.1,75.5,0.43,3,stay_course
bulk,66.2,9.3,2.0,47.1,1.27,1,reduce_calories
maintain,76.7,4.8,3.7,76.1,-0.97,1,deload_week
bulk,48.2,4.6,3.0,54.3,0.05,6,deload_week
maintain,50.0,5.1,4.1,48.8,1.16,1,deload_week
maintain,88.4,5.9,1.3,79.9,0.23,1,increase_intensity
maintain,67.3,6.3,3.0,69.7,-0.4,3,stay_course
cut,93.7,7.9,1.5,81.9,-1.49,1,increase_intensity
cut,42.8,6.3,4.7,42.5,1.38,1,deload_week
bulk,88.2,8.1,3.6,45.7,-0.76,6,increase_calories
maintain,56.3,4.9,2.5,65.1,1.21,2,deload_week
cut,88.3,9.4,4.8,34.8,-0.1,3,deload_week
maintain,59.6,7.3,1.0,44.0,0.19,3,stay_course
bulk,77.4,6.8,3.4,64.5,0.82,2,stay_course
bulk,94.0,8.3,2.0,30.4,-0.27,2,increase_calories
bulk,60.8,8.7,4.5,96.6,-1.5,6,deload_week
maintain,90.9,8.1,1.4,67.1,-0.79,4,stay_course
cut,98.4,5.2,2.1,33.1,-0.81,5,deload_week
maintain,82.1,6.4,4.9,35.9,-1.21,2,deload_week
bulk,89.2,4.9,3.3,60.4,1.39,2,deload_week
maintain,55.7,6.1,4.2,79.1,0.71,3,deload_week
maintain,56.3,4.9,1.8,84.6,0.25,2,deload_week
cut,49.9,6.8,2.6,67.5,1.39,2,stay_course
maintain,58.5,5.8,1.5,41.0,0.56,6,stay_course
bulk,76.2,5.6,4.4,40.4,0.63,3,deload_week
maintain,70.8,7.9,2.0,99.3,-1.41,4,increase_intensity
maintain,73.4,7.3,1.4,37.1,0.88,1,reduce_calories
cut,43.7,8.4,1.9,43.9,-0.3,6,stay_course
bulk,96.3,4.9,3.3,94.2,-1.28,1,deload_week
cut,94.1,6.7,1.5,93.4,0.99,3,increase_intensity
cut,42.6,6.8,1.7,70.2,0.97,4,stay_course
maintain,41.8,7.9,1.7,45.0,-0.94,3,increase_calories
maintain,93.0,4.7,3.5,47.2,-0.61,4,deload_week
bulk,68.7,4.9,2.5,59.3,0.43,5,deload_week
cut,77.8,8.5,4.2,99.3,0.85,3,deload_week
maintain,72.7,6.9,4.7,65.2,-0.33,2,deload_week
cut,59.1,5.6,4.6,84.5,-1.32,4,deload_week
bulk,61.4,7.4,1.9,41.2,-0.76,2,stay_course
maintain,72.0,8.5,3.9,83.5,1.34,5,reduce_calories
maintain,61.3,8.7,4.4,42.3,0.28,6,deload_week
bulk,61.5,7.5,3.8,54.6,0.2,2,stay_course
bulk,96.9,8.7,4.2,97.9,0.13,2,deload_week
maintain,42.3,4.8,3.4,31.4,-0.07,3,deload_week
bulk,52.1,5.2,3.9,94.3,1.03,3,deload_week
cut,41.3,7.4,4.7,84.2,1.04,3,deload_week
cut,62.4,9.2,2.6,37.1,-0.59,2,stay_course
cut,83.9,6.7,3.6,64.1,-0.55,6,stay_course
bulk,81.6,9.1,4.1,45.6,0.27,2,stay_course
maintain,58.4,7.9,1.5,81.0,1.35,5,reduce_calories
maintain,91.0,8.4,3.3,42.7,-0.55,5,stay_course
cut,78.4,5.0,3.0,53.2,-1.27,3,deload_week
maintain,50.1,8.9,1.4,79.6,0.42,3,stay_course
maintain,40.7,5.5,3.8,54.5,0.86,6,reduce_calories
cut,42.9,6.7,2.7,41.6,-0.26,4,stay_course
maintain,72.8,5.0,2.9,90.5,0.45,6,deload_week
cut,49.8,4.9,4.4,50.6,-0.54,1,deload_week
cut,60.5,8.9,1.6,35.3,1.33,1,stay_course
maintain,75.6,7.6,2.9,32.2,1.33,2,reduce_calories
bulk,93.4,5.3,1.4,44.4,-0.93,6,deload_week
bulk,83.3,8.1,2.1,49.7,-0.79,1,stay_course
maintain,74.3,8.7,1.6,55.3,-0.22,3,stay_course
bulk,77.5,6.9,1.4,44.5,0.41,1,stay_course
maintain,90.6,6.0,2.6,64.2,0.48,1,stay_course
bulk,72.6,5.4,4.5,55.9,-0.16,3,deload_week
maintain,67.9,5.6,2.1,34.3,0.76,6,stay_course
cut,45.1,6.2,3.2,97.9,0.27,5,stay_course
cut,90.4,8.6,2.7,67.5,1.1,4,reduce_calories
bulk,92.9,6.9,1.3,93.2,0.64,5,increase_intensity
bulk,94.0,8.5,3.7,73.4,-1.14,4,increase_calories
cut,96.9,5.3,1.8,43.5,-1.37,1,deload_week
bulk,66.1,9.5,3.5,88.4,-0.73,6,stay_course
cut,45.2,7.3,3.2,90.0,0.06,1,stay_course
bulk,77.4,7.1,2.7,59.0,-1.06,5,increase_calories
bulk,85.5,9.2,4.7,69.4,-1.2,3,deload_week
bulk,92.8,8.9,2.1,75.8,0.22,4,increase_intensity
cut,50.3,6.5,3.5,77.7,-0.29,4,stay_course
maintain,81.4,4.7,2.9,48.8,-0.38,3,deload_week
maintain,58.7,8.7,4.4,77.9,1.42,2,deload_week
cut,58.0,8.2,4.1,52.5,0.69,5,stay_course
bulk,45.4,6.7,4.7,58.5,-0.05,5,deload_week
maintain,89.3,7.1,1.6,51.8,0.02,2,stay_course
bulk,92.8,4.6,1.8,88.3,1.01,2,deload_week
cut,67.4,9.1,3.8,49.2,0.97,5,stay_course
maintain,78.1,5.1,1.1,56.1,0.28,2,deload_week
maintain,75.2,6.2,1.7,92.6,0.75,6,increase_intensity
cut,57.1,6.4,1.7,70.1,1.39,2,stay_course
bulk,53.5,5.5,3.6,65.9,1.09,6,reduce_calories
cut,68.4,5.2,1.7,86.1,-0.83,5,deload_week
maintain,82.8,8.0,2.1,92.7,1.05,4,increase_intensity
maintain,53.1,6.0,3.1,73.7,0.25,1,stay_course
bulk,100.0,9.3,4.4,69.3,0.28,3,deload_week
maintain,81.1,6.9,2.3,49.4,-0.52,3,stay_course
maintain,79.4,9.3,3.6,43.2,0.05,2,stay_course
cut,88.3,8.5,3.4,76.2,0.54,6,reduce_calories
cut,79.3,9.5,2.0,59.3,-0.34,1,stay_course
bulk,82.5,7.4,1.8,80.9,-0.83,5,increase_intensity
bulk,87.1,9.0,3.7,65.5,1.04,6,reduce_calories
bulk,50.9,5.0,1.5,48.1,0.93,2,deload_week
bulk,94.0,7.8,1.9,45.6,1.11,4,reduce_calories
maintain,62.3,7.4,2.9,38.2,-1.34,6,increase_calories
bulk,74.8,7.6,2.9,43.6,-1.14,6,stay_course
maintain,71.8,6.6,4.5,40.6,1.48,3,deload_week
maintain,99.2,9.0,4.9,40.0,1.09,2,deload_week
cut,69.3,7.7,1.7,74.4,-1.49,3,increase_calories
cut,85.7,5.3,4.1,64.3,0.79,1,deload_week
cut,76.9,7.7,2.6,97.6,-0.35,1,increase_intensity
bulk,52.0,6.4,1.1,52.6,1.0,2,stay_course
cut,80.6,7.6,2.0,78.5,-0.47,2,increase_intensity
cut,63.0,7.4,1.7,87.7,-0.61,3,stay_course
maintain,83.7,7.5,2.4,92.2,1.49,3,increase_intensity
maintain,61.6,5.4,4.8,94.3,-0.29,2,deload_week
cut,83.6,5.2,3.9,71.3,-0.99,3,deload_week
bulk,79.0,4.7,4.5,47.9,0.1,1,deload_week
bulk,99.7,7.8,3.6,31.4,0.57,4,stay_course
maintain,62.8,7.2,2.9,40.7,0.59,6,stay_course
cut,58.1,7.8,3.6,48.9,0.32,2,stay_course
maintain,89.8,5.0,3.9,38.2,-1.16,1,deload_week
maintain,51.9,5.5,2.1,66.6,-0.89,6,increase_calories
maintain,57.7,4.7,3.0,44.5,1.3,3,deload_week
cut,40.2,7.9,4.6,88.5,0.51,2,deload_week
cut,86.8,4.9,3.9,93.3,0.43,4,deload_week
maintain,55.8,4.8,4.3,91.2,1.06,3,deload_week
bulk,58.8,8.2,1.4,83.1,-1.36,2,stay_course
bulk,78.8,6.1,4.6,96.9,-0.7,6,deload_week
cut,62.4,6.2,1.5,58.0,-0.13,4,stay_course
bulk,91.0,8.5,3.6,85.8,-1.16,6,increase_calories
bulk,43.5,9.2,1.6,59.1,0.27,5,stay_course
bulk,66.3,7.6,4.1,72.8,1.09,6,reduce_calories
cut,69.0,6.9,4.6,60.8,-1.31,6,deload_week
maintain,40.7,8.8,3.1,82.1,0.67,2,stay_course
bulk,92.4,7.1,3.8,73.3,-0.2,6,increase_calories
cut,68.9,7.8,3.6,40.4,0.98,5,stay_course
cut,40.7,9.2,3.0,62.9,-0.01,2,stay_course
cut,85.1,6.1,2.3,49.5,0.02,5,reduce_calories
bulk,62.7,8.6,1.3,61.1,0.22,1,stay_course
maintain,66.8,5.1,3.0,75.7,-1.19,4,deload_week
cut,73.4,4.5,1.4,72.3,0.36,3,deload_week
bulk,73.7,7.8,2.8,53.9,0.98,2,stay_course
maintain,59.9,8.3,3.4,80.2,-0.41,4,stay_course
cut,45.8,7.8,1.0,54.9,0.4,3,stay_course
bulk,71.3,8.0,1.2,41.5,-1.08,6,stay_course
bulk,83.3,5.0,3.4,43.1,1.29,4,deload_week
cut,67.4,8.4,3.9,37.5,-0.26,6,stay_course
bulk,75.3,8.4,2.8,76.1,1.37,2,increase_intensity
maintain,40.3,8.2,3.2,60.3,0.26,5,stay_course
cut,81.5,5.4,4.3,37.2,0.47,5,deload_week
maintain,70.2,6.4,4.9,94.1,0.79,3,deload_week
maintain,97.8,9.4,2.8,39.3,-0.26,6,stay_course
bulk,70.7,8.7,3.2,52.0,0.71,5,stay_course
bulk,53.0,5.5,3.9,78.1,1.26,2,reduce_calories
bulk,79.0,9.3,3.0,78.6,-0.53,1,increase_intensity
maintain,73.7,7.4,4.8,79.7,0.52,5,deload_week
maintain,92.6,6.6,1.1,37.5,-0.36,1,stay_course
bulk,43.4,5.8,4.1,98.8,0.55,2,stay_course
cut,81.4,6.0,4.0,32.3,0.94,1,stay_course
bulk,92.1,8.2,4.5,82.0,0.18,2,deload_week
bulk,87.1,8.5,2.2,76.5,1.28,4,increase_intensity
maintain,97.4,9.4,2.3,68.6,-1.46,3,increase_calories
cut,77.2,8.4,4.5,88.1,1.23,6,deload_week
bulk,78.9,8.3,3.2,72.2,0.83,2,stay_course
maintain,66.9,9.4,1.3,97.4,0.71,1,stay_course
maintain,42.4,5.9,2.1,41.3,1.04,1,reduce_calories
maintain,68.0,9.2,1.2,95.0,0.29,6,stay_course
bulk,90.6,6.0,4.2,68.5,-1.28,6,deload_week
maintain,71.5,9.3,3.1,85.0,-1.02,5,increase_calories
bulk,64.2,6.2,4.5,76.4,-0.51,3,deload_week
cut,97.0,7.6,2.9,69.3,0.76,6,reduce_calories
cut,46.9,6.2,2.0,75.0,1.26,2,stay_course
cut,81.0,6.1,4.7,96.1,-0.34,5,deload_week
bulk,57.0,9.1,4.3,56.2,0.91,4,deload_week
maintain,42.6,9.0,1.8,66.0,1.34,2,reduce_calories
bulk,72.0,7.6,1.8,74.1,-0.86,6,increase_intensity
maintain,90.1,5.5,4.3,91.5,0.72,4,deload_week
bulk,89.0,4.9,3.7,31.7,0.65,1,deload_week
cut,44.4,5.4,2.0,34.9,0.96,3,deload_week
maintain,63.3,7.7,2.7,31.2,0.52,5,stay_course
cut,78.5,7.6,4.0,71.0,0.6,1,stay_course
maintain,95.7,5.0,4.1,51.1,-1.24,4,deload_week
maintain,63.7,7.8,2.9,67.3,-1.09,4,increase_calories
bulk,57.7,7.7,2.2,92.1,1.4,6,reduce_calories
bulk,62.4,9.2,3.2,68.9,-1.13,1,stay_course
bulk,75.8,7.2,4.8,51.3,0.74,6,deload_week
maintain,52.7,9.0,4.4,40.0,-0.95,5,deload_week
maintain,51.7,5.4,4.2,89.7,1.05,5,deload_week
maintain,78.7,4.9,3.7,47.5,-0.91,5,deload_week
maintain,97.1,6.3,3.7,46.4,-0.64,1,stay_course
cut,59.1,6.8,3.5,51.4,0.25,5,stay_course
bulk,61.9,6.1,2.7,30.3,-0.76,2,stay_course
bulk,84.4,6.7,4.4,39.4,0.7,4,deload_week
maintain,66.7,8.4,2.9,37.6,0.44,1,stay_course
maintain,91.5,5.2,3.2,48.4,1.16,1,deload_week
bulk,44.5,4.6,3.0,32.2,0.25,4,deload_week
bulk,52.8,4.7,2.0,92.6,0.12,6,deload_week
cut,61.9,5.6,4.1,81.3,-0.63,4,stay_course
bulk,70.6,6.5,3.0,76.4,1.04,5,increase_intensity
bulk,50.0,7.1,2.8,42.5,1.35,6,reduce_calories
cut,84.2,6.9,2.4,45.3,-0.04,1,stay_course
maintain,62.2,4.7,1.8,93.5,-0.42,4,deload_week
maintain,92.9,4.7,3.6,37.2,1.41,6,deload_week
maintain,90.1,5.8,3.2,42.2,0.46,3,stay_course
bulk,79.2,8.7,3.1,56.3,1.22,5,reduce_calories
maintain,61.2,8.8,2.9,63.7,0.31,5,stay_course
cut,66.4,5.6,3.1,49.7,-1.05,2,stay_course
maintain,76.1,8.6,3.6,59.0,-0.51,1,stay_course
maintain,80.5,6.9,3.4,75.3,-0.27,2,stay_course
cut,47.7,7.5,1.5,65.9,1.17,2,stay_course
cut,50.0,9.1,3.1,58.4,1.41,6,stay_course
cut,92.7,8.1,4.3,96.3,-0.85,5,deload_week
maintain,92.0,5.4,4.3,72.1,0.88,2,deload_week
bulk,79.6,5.8,3.9,54.0,-0.14,5,increase_calories
cut,53.8,6.4,1.4,44.2,1.08,5,stay_course
bulk,65.2,5.2,1.4,63.3,0.34,1,deload_week
bulk,70.2,5.1,2.9,39.1,0.31,1,deload_week
bulk,79.0,7.1,2.5,33.0,0.09,2,increase_calories
maintain,87.4,6.4,3.4,81.9,0.78,6,stay_course
bulk,45.9,5.2,2.9,46.3,1.08,3,deload_week
bulk,92.6,6.5,1.8,79.6,0.87,5,increase_intensity
bulk,47.1,4.5,3.6,78.1,-0.55,3,deload_week
cut,49.3,7.8,2.0,89.8,-0.23,3,stay_course
bulk,56.5,7.9,4.0,58.9,0.85,4,stay_course
cut,62.2,7.3,2.0,51.5,-0.47,6,stay_course
maintain,84.1,8.8,3.6,82.3,-0.16,6,stay_course
cut,46.0,7.0,4.1,86.1,0.34,6,stay_course
bulk,43.1,6.4,3.5,86.3,0.97,4,stay_course
bulk,66.1,4.8,1.9,35.6,-1.39,4,deload_week
maintain,76.8,7.1,3.8,71.8,1.34,2,reduce_calories
bulk,69.7,4.6,4.4,95.2,0.05,2,deload_week
cut,87.0,7.1,3.8,73.1,0.52,3,reduce_calories
cut,79.3,9.4,1.3,49.3,-0.3,6,stay_course
maintain,64.3,5.5,1.1,79.3,1.26,5,reduce_calories
maintain,83.6,7.3,3.3,54.3,0.95,2,reduce_calories
bulk,97.8,6.8,2.6,30.3,-0.97,5,increase_calories
cut,73.5,7.0,2.4,38.2,0.04,3,stay_course
bulk,88.8,7.4,3.8,97.6,0.19,2,stay_course
maintain,97.7,6.8,2.8,71.1,-1.42,1,increase_intensity
maintain,44.1,7.7,5.0,77.4,-0.81,3,deload_week
maintain,97.3,7.1,1.0,88.3,-0.76,1,increase_intensity
maintain,80.4,8.6,1.3,95.2,-0.07,3,increase_intensity
cut,93.7,5.8,4.8,77.8,1.23,4,deload_week
bulk,52.0,8.2,4.5,44.5,-0.89,2,deload_week
bulk,61.4,8.4,1.5,35.5,1.37,4,reduce_calories
bulk,40.4,8.8,4.8,89.4,-0.39,3,deload_week
maintain,93.9,8.9,3.3,49.2,-0.95,5,increase_calories
maintain,63.9,8.3,1.5,66.8,-0.23,5,stay_course
cut,70.1,6.5,3.7,42.2,1.43,6,stay_course
bulk,67.6,7.9,1.0,44.8,0.24,3,stay_course
maintain,76.8,5.8,3.2,46.6,-0.09,5,stay_course
maintain,62.0,7.0,1.8,79.0,-0.38,4,stay_course
maintain,67.0,7.4,4.9,78.0,0.94,6,deload_week
maintain,88.2,7.3,4.4,43.7,0.9,6,deload_week
cut,68.4,4.5,2.7,39.4,1.18,6,deload_week
bulk,72.0,6.1,2.9,47.6,1.08,1,reduce_calories
maintain,45.9,5.3,1.9,47.8,1.02,1,deload_week
maintain,84.7,5.8,2.4,69.0,0.93,3,reduce_calories
cut,64.7,6.3,3.7,72.4,0.23,6,stay_course
bulk,72.3,9.4,2.1,52.8,0.03,6,stay_course
maintain,93.4,6.4,2.1,74.2,-1.07,2,increase_intensity
bulk,88.5,6.2,3.5,70.0,1.05,1,reduce_calories
cut,49.7,5.6,2.3,50.4,-0.7,6,stay_course
maintain,56.3,6.7,4.5,55.4,0.26,4,deload_week
maintain,50.0,8.8,1.5,46.4,-0.75,6,stay_course
bulk,85.0,5.6,2.6,36.7,1.31,4,reduce_calories
bulk,43.2,8.4,3.1,99.7,-1.19,5,stay_course
cut,45.1,9.2,2.6,46.1,0.71,4,stay_course
bulk,47.6,7.1,1.7,32.5,-0.43,3,stay_course
maintain,68.0,8.9,4.7,68.4,-1.09,6,deload_week
bulk,50.6,7.5,3.5,74.5,0.19,5,stay_course
bulk,78.4,6.0,2.4,67.8,0.91,4,stay_course
maintain,61.9,5.8,2.2,30.0,0.95,2,reduce_calories
maintain,57.2,7.2,3.8,64.4,0.77,3,stay_course
cut,86.0,8.5,3.4,85.8,0.14,2,reduce_calories
maintain,92.9,6.7,2.0,80.0,0.44,4,increase_intensity
cut,55.8,6.6,2.0,83.5,1.23,6,stay_course
bulk,56.3,7.7,3.1,48.8,-0.94,1,stay_course
cut,48.2,5.1,2.8,61.7,0.6,4,deload_week
cut,59.2,5.3,4.9,31.5,1.42,3,deload_week
maintain,47.5,6.7,1.0,36.3,-1.46,2,increase_calories
maintain,65.2,8.4,3.0,56.0,0.59,1,stay_course
maintain,44.8,8.3,1.6,48.7,-0.32,5,stay_course
maintain,50.9,9.0,2.0,56.7,-1.46,6,increase_calories
cut,63.1,9.4,2.0,99.6,-0.9,6,stay_course
cut,71.3,9.4,2.9,77.7,-0.56,3,increase_intensity
cut,77.7,4.7,4.7,66.5,-0.74,6,deload_week
maintain,51.9,8.9,4.5,45.2,-1.16,6,deload_week
maintain,59.5,5.3,2.1,38.4,0.87,1,deload_week
cut,74.9,8.0,3.8,40.8,0.81,2,stay_course
cut,70.0,7.9,2.4,97.9,0.78,1,stay_course
cut,61.3,5.3,3.1,37.5,-0.04,3,deload_week
bulk,87.3,8.3,4.2,60.7,-0.92,6,deload_week
maintain,61.5,5.2,4.6,64.0,-0.19,3,deload_week
bulk,81.8,5.4,1.7,54.3,0.7,3,deload_week
bulk,94.9,7.3,1.3,40.9,-0.61,3,increase_calories
bulk,62.0,4.5,3.6,56.5,-0.94,1,deload_week
bulk,91.4,8.4,2.0,80.5,0.47,5,increase_intensity
maintain,51.4,7.9,4.1,40.8,-0.65,4,stay_course
bulk,59.3,5.0,3.6,33.1,1.31,2,deload_week
cut,52.1,6.9,1.4,70.0,1.01,6,stay_course
maintain,71.5,8.0,2.0,55.6,0.32,1,stay_course
cut,95.8,5.5,3.0,92.3,-1.26,6,increase_intensity
cut,61.7,8.2,4.6,87.5,0.88,1,deload_week
bulk,55.9,4.7,1.3,51.3,1.33,5,deload_week
cut,46.1,5.7,2.5,43.5,0.47,5,stay_course
bulk,96.9,7.3,3.2,82.2,0.8,5,stay_course
maintain,80.5,8.0,2.7,37.3,0.88,5,reduce_calories
maintain,70.3,7.8,3.1,72.0,1.3,3,reduce_calories
bulk,99.5,6.1,2.5,83.5,-0.21,6,increase_intensity
maintain,76.5,7.3,1.9,83.6,1.28,3,increase_intensity
maintain,97.7,6.7,2.6,80.8,1.45,5,increase_intensity
cut,71.1,9.5,2.2,51.0,-0.83,3,stay_course
cut,86.3,9.2,4.3,94.3,0.03,5,deload_week
bulk,49.3,4.7,2.4,39.7,-0.4,5,deload_week
cut,54.0,8.6,1.4,58.0,1.25,6,stay_course
cut,83.4,8.5,1.7,87.8,0.57,5,increase_intensity
cut,75.7,6.0,3.9,70.3,-1.26,1,increase_calories
maintain,60.9,8.6,2.7,90.7,1.11,2,reduce_calories
bulk,79.2,7.5,1.0,84.4,-0.35,3,increase_intensity
bulk,42.5,7.2,1.6,65.2,-0.84,1,stay_course
bulk,83.9,6.5,2.8,71.7,0.01,2,increase_intensity
maintain,57.4,6.5,1.5,35.8,0.21,1,stay_course
bulk,64.0,4.9,3.0,84.2,-1.11,2,deload_week
maintain,73.6,6.9,3.6,43.7,0.35,6,stay_course
bulk,54.8,4.9,4.1,52.6,1.27,1,deload_week
cut,80.3,6.6,2.4,52.5,0.28,1,stay_course
maintain,50.2,6.2,4.3,86.2,0.37,4,deload_week
cut,95.5,5.7,3.7,40.9,0.69,1,stay_course
cut,84.4,5.7,3.5,40.3,1.0,3,reduce_calories
cut,60.6,8.5,2.2,63.0,-0.5,6,stay_course
bulk,52.7,7.2,4.0,68.4,0.37,2,stay_course
bulk,81.9,4.6,3.3,76.4,-1.37,2,deload_week
cut,57.0,8.4,3.5,33.7,0.46,1,stay_course
cut,63.3,5.9,4.4,76.2,1.09,1,deload_week
maintain,92.0,7.7,1.9,56.6,1.43,1,reduce_calories
maintain,69.1,7.5,1.4,43.9,1.4,5,reduce_calories
bulk,41.3,5.7,3.1,53.3,-0.32,2,stay_course
cut,60.8,6.3,3.5,46.5,1.43,5,stay_course
maintain,88.7,7.6,4.5,92.3,0.94,1,deload_week
bulk,96.9,5.6,2.4,57.5,-1.09,6,increase_calories
maintain,71.2,7.9,4.5,78.1,-0.25,5,deload_week
cut,65.6,6.1,3.4,61.4,-1.1,6,stay_course
cut,74.9,7.9,1.8,39.7,0.57,5,stay_course
cut,65.8,9.0,4.1,75.9,0.19,2,stay_course
maintain,44.1,7.2,3.9,42.9,1.02,2,reduce_calories
bulk,41.8,6.1,4.9,97.3,-0.59,6,deload_week
bulk,96.0,5.9,4.1,37.5,-0.95,5,increase_calories
bulk,56.0,7.3,1.9,46.3,0.56,3,stay_course
cut,81.3,6.9,3.0,72.3,0.64,3,increase_intensity
cut,91.1,7.0,1.6,43.5,-1.4,1,increase_calories
maintain,97.0,5.6,3.7,44.2,-0.89,2,increase_calories
maintain,92.0,6.9,2.3,62.0,-0.76,4,stay_course
cut,76.5,8.6,3.9,57.6,1.32,5,reduce_calories
bulk,72.2,7.7,3.8,32.7,-1.17,4,stay_course
cut,92.7,5.7,3.2,98.9,-1.38,4,increase_calories
bulk,85.9,9.3,1.8,60.8,1.15,3,reduce_calories
maintain,50.0,6.0,4.7,78.3,1.21,4,deload_week
bulk,67.1,8.1,1.5,84.5,1.31,6,reduce_calories
bulk,48.1,6.6,2.8,42.5,0.27,6,stay_course
cut,93.0,5.0,2.3,75.4,0.63,2,deload_week
bulk,84.0,5.0,3.8,74.4,-1.24,6,deload_week
maintain,83.6,9.4,3.4,41.2,0.15,1,stay_course
cut,94.7,7.3,3.6,40.5,1.11,2,reduce_calories
bulk,43.1,6.0,3.9,97.3,-0.63,2,stay_course
cut,93.9,9.3,1.0,83.6,-1.46,4,increase_intensity
maintain,72.6,4.5,4.5,46.7,0.27,4,deload_week
maintain,64.6,4.9,3.4,47.1,0.14,5,deload_week
bulk,73.5,8.6,1.2,40.4,0.46,1,stay_course
cut,91.2,7.8,4.4,50.9,1.26,1,deload_week
cut,65.0,5.4,3.7,72.8,0.57,5,deload_week
bulk,87.2,5.4,2.8,70.5,1.29,1,deload_week
maintain,59.4,9.0,4.3,83.1,1.03,1,deload_week
maintain,68.2,5.1,4.4,53.0,-0.26,2,deload_week
bulk,52.5,4.8,3.3,98.6,0.09,1,deload_week
maintain,83.4,7.5,4.2,79.5,-0.22,3,deload_week
maintain,71.5,9.5,2.4,39.1,0.19,5,stay_course
bulk,77.9,7.0,1.7,72.7,0.63,2,increase_intensity
cut,47.1,6.8,4.2,81.6,-0.88,5,deload_week
maintain,64.8,6.2,3.2,74.6,-1.47,2,increase_calories
bulk,56.9,8.5,2.2,65.5,-0.53,1,stay_course
cut,81.2,6.2,3.9,73.1,-1.41,2,increase_calories
cut,59.8,6.2,3.7,94.1,0.89,6,stay_course
cut,68.9,7.6,4.6,67.6,-0.49,4,deload_week
bulk,43.4,7.1,3.3,77.5,0.17,1,stay_course
cut,74.6,6.2,4.7,85.7,-1.3,2,deload_week
maintain,90.4,6.2,2.5,67.4,-1.0,5,increase_calories
maintain,51.2,5.1,4.1,51.6,1.07,6,deload_week
cut,56.3,4.9,4.5,56.0,0.99,3,deload_week
cut,71.5,5.4,2.5,32.6,-0.89,1,deload_week
maintain,70.4,8.5,4.6,40.8,-0.48,4,deload_week
bulk,92.4,6.1,2.3,83.9,-1.21,5,increase_intensity
bulk,99.6,5.5,1.1,57.1,1.09,1,reduce_calories
cut,58.7,4.7,4.4,91.0,-0.5,1,deload_week
cut,71.2,7.8,2.2,70.4,-0.56,2,increase_intensity
maintain,52.0,5.9,3.1,84.1,0.51,3,stay_course
cut,49.4,5.1,4.8,69.2,-1.19,5,deload_week
maintain,73.0,5.9,4.8,86.3,0.22,2,deload_week
cut,58.7,9.0,3.2,33.6,-1.41,6,increase_calories
cut,46.4,4.8,2.7,42.5,0.29,5,deload_week
bulk,90.2,8.0,3.5,51.9,0.95,6,stay_course
bulk,88.6,4.9,4.7,83.5,0.2,1,deload_week
bulk,68.1,6.8,3.7,79.7,-0.1,2,stay_course
cut,48.6,9.0,2.0,55.4,-0.95,6,stay_course
maintain,87.3,8.9,2.8,32.1,-0.07,3,stay_course
maintain,67.7,5.4,4.1,72.3,-1.12,1,deload_week
maintain,89.1,8.5,2.3,75.5,0.88,5,increase_intensity
maintain,64.0,6.6,3.5,68.4,1.42,4,reduce_calories
cut,60.4,8.6,3.4,84.9,-0.19,3,stay_course
bulk,81.6,5.4,3.7,81.8,0.64,4,deload_week
cut,75.5,6.8,3.2,87.5,-0.97,4,stay_course
cut,75.9,7.9,3.4,87.4,-0.52,6,stay_course
bulk,43.7,5.6,1.6,70.7,0.76,1,stay_course
cut,79.7,6.8,2.2,73.1,-0.16,2,increase_intensity
bulk,92.6,6.0,4.2,77.6,1.26,4,deload_week
bulk,99.0,6.2,1.4,30.6,1.46,4,reduce_calories
cut,91.2,4.8,4.6,97.8,-1.5,5,deload_week
maintain,46.6,5.9,1.1,60.2,0.27,6,stay_course
maintain,82.7,6.5,2.7,44.8,-0.98,2,increase_calories
cut,73.3,8.7,2.4,59.2,-0.63,6,stay_course
cut,48.1,4.9,1.1,80.5,-0.04,4,deload_week
cut,45.1,7.7,2.7,61.9,0.87,5,stay_course
maintain,77.4,6.8,2.7,87.4,-0.35,2,increase_intensity
cut,65.5,4.5,3.0,81.2,0.64,3,deload_week
maintain,95.6,7.4,1.1,32.7,-0.05,3,stay_course
cut,74.8,9.3,1.3,81.1,0.08,3,increase_intensity
maintain,71.0,7.1,3.4,47.2,0.39,6,stay_course
bulk,44.7,7.7,4.2,51.9,-1.34,3,deload_week
bulk,86.7,6.8,3.1,62.8,0.7,4,stay_course
maintain,97.6,8.5,2.2,32.5,1.27,6,reduce_calories
maintain,83.6,7.3,1.2,63.1,-0.99,1,increase_calories
bulk,99.4,8.5,3.5,50.1,-1.25,5,increase_calories
cut,91.1,5.9,1.5,49.7,1.07,1,stay_course
bulk,46.7,5.4,3.4,40.6,-0.16,2,deload_week
maintain,87.0,5.7,1.7,66.9,-1.4,1,increase_calories
cut,75.7,8.6,4.4,82.7,-0.26,4,deload_week
cut,79.6,8.1,1.7,70.4,1.03,1,increase_intensity
bulk,55.9,8.6,1.2,62.5,-0.07,4,stay_course
bulk,96.9,9.1,1.9,77.8,-0.33,3,increase_intensity
cut,71.8,6.7,2.2,85.8,-0.35,3,increase_intensity
bulk,81.0,4.7,4.7,74.6,1.37,4,deload_week
bulk,95.1,8.8,2.3,48.7,-1.21,6,increase_calories
bulk,63.5,8.4,4.0,81.4,0.27,2,stay_course
bulk,60.2,8.0,1.7,68.3,0.52,1,stay_course
cut,64.7,7.1,3.7,54.6,0.68,3,stay_course
cut,42.0,7.6,1.2,71.6,1.18,2,stay_course
bulk,78.3,8.0,1.5,90.0,-1.11,6,increase_intensity
bulk,74.0,9.3,4.6,78.7,-0.74,4,deload_week
bulk,96.2,7.7,4.7,49.3,-0.22,6,deload_week
maintain,55.4,8.4,2.1,34.4,-0.33,1,stay_course
maintain,97.3,5.8,2.8,64.4,1.29,5,reduce_calories
maintain,50.7,7.0,1.6,83.8,-0.84,6,increase_calories
cut,94.8,8.1,1.4,35.1,0.21,3,reduce_calories
maintain,41.1,7.0,3.6,30.1,-1.39,4,increase_calories
maintain,49.1,6.1,2.6,30.3,0.62,4,stay_course
maintain,66.2,8.7,4.1,85.0,0.12,1,stay_course
maintain,97.2,8.6,2.9,69.7,1.31,3,reduce_calories
maintain,80.9,6.5,3.5,97.1,-1.23,5,increase_calories
maintain,44.8,6.8,4.1,75.3,-0.97,1,increase_calories
maintain,79.6,6.0,2.6,37.5,0.57,4,stay_course
cut,93.1,6.7,1.8,32.5,-1.42,5,increase_calories
cut,69.4,4.8,3.2,51.5,0.1,4,deload_week
cut,42.2,4.8,4.2,33.0,-1.15,6,deload_week
bulk,71.4,9.2,4.5,67.6,0.72,2,deload_week
cut,42.2,5.2,3.6,63.0,1.25,1,deload_week
cut,82.1,5.2,1.7,33.5,-0.58,1,deload_week
maintain,76.7,8.7,1.3,87.2,-1.16,5,increase_intensity
bulk,53.2,8.5,2.7,86.8,1.45,6,reduce_calories
maintain,59.5,9.4,3.3,39.6,1.01,2,reduce_calories
cut,75.6,6.2,1.5,39.9,-0.25,6,stay_course
maintain,73.2,6.7,4.7,32.8,-1.2,6,deload_week
bulk,62.6,5.3,4.5,35.7,-1.48,1,deload_week
bulk,79.1,8.9,2.7,86.5,0.82,6,increase_intensity
cut,52.4,7.7,3.1,58.8,1.31,5,stay_course
bulk,42.3,5.4,3.0,96.5,0.38,3,deload_week
maintain,65.1,7.3,1.8,99.1,1.43,5,reduce_calories
maintain,91.8,9.4,3.0,62.5,0.38,2,stay_course
maintain,43.2,5.1,1.6,89.1,1.23,4,deload_week
cut,49.6,9.1,1.2,55.5,-0.87,3,stay_course
maintain,77.0,9.0,2.8,37.3,-1.34,5,increase_calories
cut,49.5,4.6,3.1,35.0,-0.79,4,deload_week
bulk,74.8,6.6,4.0,92.9,-0.81,1,stay_course
maintain,53.7,5.7,2.7,44.0,1.17,1,reduce_calories
maintain,75.1,4.8,2.7,45.1,0.33,2,deload_week
maintain,62.4,6.8,1.8,55.1,-0.69,3,stay_course
cut,41.9,7.3,2.1,37.8,-0.1,4,stay_course
cut,85.6,5.6,2.2,41.0,0.88,5,reduce_calories
cut,74.7,7.3,1.9,58.8,0.07,2,stay_course
bulk,68.4,6.8,1.1,60.0,1.12,2,reduce_calories
maintain,66.1,5.6,4.7,96.2,1.24,1,deload_week
maintain,98.8,4.7,2.9,83.8,-1.4,5,deload_week
maintain,68.8,8.5,4.3,61.7,-0.78,5,deload_week
cut,81.6,6.5,1.9,55.1,-0.78,1,stay_course
cut,68.8,6.0,3.8,90.1,0.74,1,stay_course
maintain,67.8,5.2,3.8,42.9,1.11,6,deload_week
maintain,82.2,4.5,3.5,56.9,0.57,5,deload_week
cut,57.8,8.3,3.8,72.9,0.23,2,stay_course
bulk,44.9,8.9,3.9,33.8,1.34,6,reduce_calories
maintain,93.3,5.1,2.5,73.3,-0.4,2,deload_week
bulk,73.5,4.8,3.8,44.3,1.44,2,deload_week
bulk,46.8,6.9,4.8,70.6,1.38,2,deload_week
bulk,85.7,6.1,4.6,65.2,-0.23,1,deload_week
cut,62.4,6.8,3.0,88.1,-0.09,5,stay_course
bulk,89.5,9.0,2.8,55.8,0.52,6,stay_course
cut,51.3,8.9,1.3,57.3,-0.96,1,stay_course
cut,49.9,5.1,1.6,40.5,-0.89,6,deload_week
cut,57.6,9.3,3.2,39.2,-0.46,4,stay_course
bulk,78.7,6.0,1.3,91.0,-0.8,5,increase_intensity
bulk,60.2,7.4,3.6,85.1,-0.04,6,stay_course
bulk,71.8,7.2,2.8,69.7,1.19,3,reduce_calories
cut,87.4,5.6,2.5,50.2,1.04,2,reduce_calories
maintain,57.1,9.3,3.5,41.3,0.11,2,stay_course
cut,90.4,8.0,3.7,40.7,-0.79,1,stay_course
maintain,74.5,6.7,2.5,44.4,0.62,6,stay_course
maintain,98.7,5.2,2.8,98.3,0.1,1,deload_week
cut,64.3,7.0,1.6,62.1,-0.54,1,stay_course
bulk,72.8,7.0,3.6,50.7,1.19,5,reduce_calories
bulk,48.8,7.3,4.6,60.9,0.57,6,deload_week
maintain,94.0,5.2,3.2,51.6,-0.3,2,deload_week
maintain,61.4,6.1,3.4,43.7,0.08,3,stay_course
cut,41.4,7.2,2.8,77.0,-1.24,5,increase_calories
maintain,51.7,6.1,3.4,96.0,1.23,3,reduce_calories
maintain,48.9,8.8,2.5,56.1,-0.65,3,stay_course
maintain,98.7,8.9,1.4,80.9,-0.17,4,increase_intensity
maintain,57.3,8.5,4.9,59.7,1.19,2,deload_week
bulk,75.9,5.2,2.2,99.2,0.08,3,deload_week
cut,96.0,7.5,2.5,30.5,0.42,3,reduce_calories
maintain,50.5,6.8,3.3,94.0,-0.9,4,increase_calories
maintain,73.2,4.7,4.3,88.4,-0.59,5,deload_week
bulk,67.8,4.6,1.0,48.4,1.37,6,deload_week
maintain,47.5,7.8,2.2,42.6,1.22,6,reduce_calories
cut,41.7,8.3,3.0,97.9,0.3,3,stay_course
bulk,68.8,6.7,2.0,78.0,1.42,1,reduce_calories
maintain,70.8,7.4,4.4,41.4,-1.32,3,deload_week
maintain,92.7,5.2,1.7,49.1,-0.24,3,deload_week
cut,57.4,7.1,4.7,66.0,0.8,2,deload_week
cut,75.9,5.3,2.3,52.1,1.03,3,deload_week
maintain,81.1,7.9,1.4,70.6,0.97,1,increase_intensity
cut,71.1,6.4,2.9,53.8,1.23,1,stay_course
cut,49.3,5.6,1.8,92.8,0.34,5,stay_course
bulk,82.8,8.0,4.2,59.2,1.25,1,deload_week
cut,95.4,6.9,2.2,55.4,0.95,5,reduce_calories
bulk,85.8,6.2,3.8,32.0,0.94,2,stay_course
cut,91.4,5.2,1.9,38.8,-1.11,1,deload_week
maintain,81.4,8.4,1.3,84.2,0.77,1,increase_intensity
cut,46.5,8.5,3.1,34.1,-1.14,3,stay_course
cut,44.0,7.8,4.0,84.8,1.26,2,stay_course
bulk,94.1,5.4,2.4,36.4,1.04,3,deload_week
bulk,60.9,5.3,3.0,81.0,-0.77,5,deload_week
cut,45.9,7.4,1.1,45.2,-0.93,3,stay_course
cut,94.1,7.2,4.9,36.9,-0.86,5,deload_week
bulk,68.5,8.0,1.7,77.1,-1.18,3,stay_course
maintain,65.4,7.1,2.6,83.3,-0.56,4,stay_course
cut,71.2,7.0,2.4,50.2,0.67,1,stay_course
maintain,69.6,6.4,2.8,81.5,0.56,4,stay_course
cut,73.2,6.0,4.4,43.2,-1.29,4,deload_week
bulk,62.0,4.6,3.7,77.0,-0.31,5,deload_week
bulk,80.6,5.1,2.6,78.7,1.43,6,deload_week
cut,43.9,9.4,2.4,71.6,1.47,1,stay_course
cut,90.3,8.1,2.1,79.9,0.25,3,increase_intensity
bulk,96.6,6.3,3.7,96.5,1.46,5,reduce_calories
maintain,48.8,6.8,1.5,64.3,-0.81,2,increase_calories
cut,46.0,4.8,1.3,77.5,1.42,4,deload_week
bulk,80.8,5.3,3.5,36.7,-1.27,5,deload_week
maintain,87.6,5.5,3.6,64.3,-0.72,3,stay_course
bulk,72.8,9.3,1.1,60.1,1.24,4,reduce_calories
maintain,58.9,6.4,2.8,32.3,0.17,3,stay_course
bulk,49.8,6.7,2.2,57.2,0.79,5,stay_course
bulk,69.4,7.3,3.2,62.9,0.19,2,stay_course
bulk,43.3,5.8,3.4,56.4,0.53,3,stay_course
maintain,43.7,7.5,1.5,55.6,0.93,5,reduce_calories
cut,85.9,7.6,2.5,60.0,1.48,4,reduce_calories
maintain,43.4,5.7,1.9,51.8,-1.25,6,increase_calories
cut,92.1,5.1,1.7,67.7,-1.39,6,deload_week
maintain,74.1,9.0,2.1,78.7,0.26,3,increase_intensity
maintain,74.2,6.1,1.4,64.2,0.57,2,stay_course
maintain,69.8,8.6,3.7,41.7,-0.6,4,stay_course
cut,69.8,8.7,4.1,88.8,0.11,3,stay_course
maintain,42.9,9.5,2.6,45.8,0.73,1,stay_course
bulk,90.7,5.0,2.3,34.7,0.9,4,deload_week
maintain,52.6,8.5,3.6,51.1,0.91,4,reduce_calories
bulk,72.4,5.5,2.6,73.7,-0.14,5,increase_intensity
cut,92.9,7.6,3.1,43.1,-0.0,6,reduce_calories
bulk,96.3,5.8,3.6,86.6,1.06,4,reduce_calories
bulk,83.6,4.8,1.8,62.4,-0.78,6,deload_week
bulk,85.9,8.7,2.6,90.2,1.23,6,increase_intensity
cut,90.8,5.8,2.1,41.2,0.56,2,reduce_calories
maintain,54.3,5.2,1.1,85.8,-0.57,4,deload_week
bulk,99.5,6.6,4.6,44.1,-0.68,1,deload_week
maintain,87.4,5.9,3.2,75.1,-1.37,6,increase_calories
maintain,86.9,4.8,4.6,52.0,-0.61,1,deload_week
maintain,93.8,7.9,4.5,57.8,1.02,2,deload_week
cut,46.7,8.2,4.7,66.5,0.99,5,deload_week
maintain,69.8,5.0,3.4,84.1,-0.56,5,deload_week
bulk,63.4,8.2,1.9,59.6,-1.07,2,stay_course
cut,98.2,6.7,2.0,71.3,-0.03,3,increase_intensity
bulk,96.9,6.1,2.7,77.8,1.39,2,increase_intensity
maintain,68.5,6.3,2.2,75.2,1.22,1,reduce_calories
bulk,79.7,9.2,3.8,85.2,-0.78,5,increase_calories
maintain,58.6,9.3,2.5,86.9,-1.13,2,increase_calories
maintain,63.3,9.0,2.6,98.5,-0.73,1,stay_course
cut,57.8,8.8,1.6,60.7,-0.55,6,stay_course
maintain,87.4,5.9,1.3,84.6,-0.02,6,increase_intensity
maintain,95.6,6.2,2.7,94.3,-1.2,2,increase_intensity
bulk,55.7,4.8,2.7,81.0,0.14,3,deload_week
maintain,81.7,8.3,3.6,42.9,-0.17,6,stay_course
cut,40.2,5.5,2.2,70.3,-1.17,2,stay_course
bulk,82.8,8.3,3.6,39.1,0.28,4,stay_course
maintain,67.1,8.9,1.5,42.1,0.28,3,stay_course
maintain,51.9,6.6,1.7,91.3,1.33,5,reduce_calories
cut,41.2,4.6,3.2,72.8,-0.81,1,deload_week
maintain,51.9,8.0,1.7,58.1,-0.21,3,stay_course
cut,45.3,6.3,4.8,38.2,0.66,4,deload_week
maintain,89.6,7.0,1.9,44.2,1.34,3,reduce_calories
maintain,84.8,6.4,2.7,44.5,-0.85,3,increase_calories
bulk,80.6,6.6,2.6,40.2,-0.63,3,increase_calories
cut,77.1,9.0,2.5,77.9,-0.13,1,increase_intensity
maintain,48.0,6.1,3.8,78.1,0.64,6,stay_course
maintain,84.2,5.8,1.4,34.1,-0.5,2,stay_course
maintain,94.5,9.5,4.8,97.7,0.29,6,deload_week
cut,40.3,7.0,2.5,98.4,0.51,2,stay_course
bulk,42.5,5.4,1.7,64.5,-0.48,4,deload_week
cut,45.4,8.1,2.7,48.2,-0.56,2,stay_course
maintain,92.3,8.7,4.0,94.8,-0.65,3,stay_course
bulk,89.8,9.1,3.1,60.5,-1.01,6,increase_calories
maintain,85.8,5.3,4.4,76.0,0.89,1,deload_week
cut,48.9,5.6,1.1,48.2,0.62,4,stay_course
cut,99.7,9.1,1.2,55.0,0.63,4,reduce_calories
maintain,69.6,8.7,4.5,38.7,-1.22,3,deload_week
cut,90.1,8.2,4.3,69.4,0.49,2,deload_week
bulk,99.9,4.5,4.1,42.6,1.26,2,deload_week
maintain,80.6,8.9,1.1,77.7,0.54,4,increase_intensity
maintain,75.4,9.3,4.3,40.8,-1.26,6,deload_week
bulk,68.8,7.6,2.1,76.1,-0.51,1,stay_course
bulk,77.3,6.8,4.8,100.0,1.22,5,deload_week
cut,52.7,4.7,3.6,52.6,-1.33,1,deload_week
bulk,97.1,6.4,2.6,42.5,1.4,4,reduce_calories
cut,41.2,5.5,2.6,58.2,0.44,6,stay_course
cut,47.2,7.0,2.7,86.4,-0.57,6,stay_course
bulk,47.9,7.8,4.3,65.9,-0.03,4,deload_week
maintain,56.1,7.5,1.4,59.6,-0.4,2,stay_course
maintain,77.8,5.0,3.1,98.1,0.53,6,deload_week
bulk,82.8,9.2,3.1,75.3,-1.25,4,increase_calories
maintain,44.8,8.5,2.2,98.9,0.55,3,stay_course
cut,71.4,6.0,1.2,35.4,-1.36,1,increase_calories
bulk,65.5,5.0,3.6,69.8,-0.74,3,deload_week
bulk,44.9,7.0,1.5,76.3,-0.96,2,stay_course
maintain,42.7,6.6,3.8,52.0,0.67,6,stay_course
maintain,77.4,5.8,4.9,91.0,-0.94,2,deload_week
cut,84.8,7.5,4.5,37.4,0.1,1,deload_week
maintain,47.0,5.4,2.9,78.4,1.11,6,deload_week
bulk,83.6,6.0,4.3,73.2,0.57,6,deload_week
bulk,63.7,6.0,1.5,31.0,-1.16,1,stay_course
bulk,98.2,8.8,1.8,75.4,0.45,4,increase_intensity
bulk,91.5,7.2,1.3,83.9,-1.06,4,increase_intensity
cut,47.0,9.0,4.0,61.2,-0.04,1,stay_course
maintain,75.1,5.5,3.3,88.4,-1.35,1,increase_calories
cut,77.8,8.1,4.9,89.4,0.71,5,deload_week
bulk,73.3,6.0,2.9,64.0,0.27,5,stay_course
bulk,94.3,8.8,1.9,34.2,-1.44,5,increase_calories
maintain,73.2,5.8,3.6,92.2,-1.15,5,increase_calories
bulk,60.8,8.0,1.1,50.2,-0.92,3,stay_course
maintain,53.9,5.6,4.6,53.7,0.31,6,deload_week
bulk,68.1,8.9,3.9,57.3,-0.25,6,stay_course
bulk,84.1,8.5,4.2,89.1,0.37,3,deload_week
bulk,85.0,7.8,1.5,44.0,0.32,1,stay_course
maintain,96.6,7.0,1.9,69.0,1.5,3,reduce_calories
maintain,61.4,5.3,4.3,92.6,-1.4,1,deload_week
maintain,65.8,7.6,1.5,45.7,-0.73,3,stay_course
maintain,86.2,8.4,3.2,92.7,1.06,5,reduce_calories
bulk,80.2,8.0,4.7,60.6,-0.13,1,deload_week
cut,86.9,7.5,4.4,37.1,0.19,5,deload_week
cut,50.0,5.1,1.8,55.3,0.69,6,deload_week
maintain,85.7,7.0,4.5,40.8,-0.41,2,deload_week
cut,90.9,6.7,2.7,83.8,-0.76,4,increase_intensity
maintain,57.2,5.4,2.1,80.1,-0.25,6,deload_week
bulk,54.7,8.3,3.1,85.1,-1.09,4,stay_course
maintain,95.1,9.0,4.8,66.1,0.55,1,deload_week
maintain,48.7,4.5,4.2,96.1,-1.25,3,deload_week
maintain,98.9,5.3,1.2,83.1,0.48,6,deload_week
cut,94.2,4.8,3.5,79.9,0.48,5,deload_week
maintain,65.2,8.9,3.8,91.1,0.66,3,stay_course
maintain,40.5,5.9,3.1,94.4,0.6,4,stay_course
bulk,52.3,7.2,4.2,75.6,0.59,6,deload_week
maintain,86.5,8.9,1.3,67.6,-0.33,6,stay_course
bulk,92.8,7.1,3.2,45.0,0.04,3,increase_calories
bulk,60.4,7.7,1.1,92.3,0.12,3,stay_course
cut,89.9,6.0,2.7,65.4,0.7,3,reduce_calories
maintain,77.6,6.3,1.2,75.6,-1.13,3,increase_intensity
bulk,84.2,6.8,4.9,86.4,1.47,5,deload_week
bulk,93.7,7.6,3.1,71.7,-0.45,3,increase_calories
bulk,87.1,8.1,3.7,80.0,0.06,2,increase_calories
cut,59.7,7.4,4.3,55.3,-1.21,6,deload_week
maintain,89.7,4.9,1.2,92.2,-0.07,4,deload_week
cut,62.2,7.1,3.4,66.3,-0.32,3,stay_course
bulk,69.9,6.6,2.8,95.2,-0.03,4,stay_course
cut,48.7,5.1,3.8,39.1,0.61,5,deload_week
cut,81.7,6.8,1.1,41.0,0.18,1,stay_course
bulk,91.1,5.1,2.5,50.3,0.07,1,deload_week
maintain,58.3,6.4,2.2,32.0,-1.07,5,increase_calories
maintain,42.9,9.0,4.6,45.1,0.96,4,deload_week
cut,47.3,6.2,4.5,59.2,0.22,5,deload_week
maintain,94.0,8.4,2.9,80.4,0.32,2,increase_intensity
bulk,78.2,8.3,3.7,40.4,0.68,1,stay_course
bulk,79.9,6.5,1.9,57.7,0.12,6,stay_course
maintain,84.2,7.7,4.5,79.5,0.22,6,deload_week
maintain,73.7,5.1,3.2,43.5,0.36,5,deload_week
cut,97.4,7.1,4.0,65.2,-1.44,6,increase_calories
bulk,50.8,4.6,4.1,47.2,0.62,5,deload_week
maintain,45.1,7.2,2.3,71.2,-0.03,1,stay_course
maintain,66.2,6.6,4.4,52.2,-0.73,1,deload_week
cut,72.5,5.9,1.7,83.8,-1.04,4,increase_intensity
bulk,50.2,7.6,2.3,31.9,-1.32,4,stay_course
cut,59.2,6.6,2.3,56.3,0.98,1,stay_course
cut,52.2,8.3,3.3,64.5,0.76,4,stay_course
cut,56.2,6.1,3.2,34.6,-1.41,6,increase_calories
cut,94.8,4.6,3.2,71.0,-1.2,5,deload_week
bulk,87.1,6.0,2.6,35.9,0.41,2,stay_course
cut,62.4,9.4,4.1,67.6,-0.23,5,stay_course
maintain,42.5,8.6,4.8,73.5,0.46,2,deload_week
cut,43.6,9.1,2.1,47.6,0.54,3,stay_course
bulk,52.8,8.7,2.1,41.3,0.1,1,stay_course
maintain,45.4,8.0,4.3,80.8,1.5,4,deload_week
cut,76.6,9.3,2.3,77.7,-0.47,3,increase_intensity
bulk,67.2,5.7,4.9,53.9,-0.12,5,deload_week
maintain,41.0,8.0,3.6,30.1,-0.07,1,stay_course
bulk,50.4,7.3,3.8,64.2,-0.32,1,stay_course
bulk,79.1,7.2,4.6,87.1,-0.16,1,deload_week
maintain,98.3,6.4,3.4,57.1,1.02,6,reduce_calories
cut,47.5,6.4,1.8,30.7,0.73,3,stay_course
bulk,95.3,6.3,1.4,72.9,-0.59,6,increase_intensity
cut,54.1,7.0,2.5,49.7,1.21,6,stay_course
bulk,52.5,5.5,4.3,57.7,1.11,5,deload_week
bulk,69.6,7.3,3.6,69.6,0.55,5,stay_course
cut,43.9,5.1,1.3,48.2,0.21,2,deload_week
bulk,83.7,5.9,4.4,31.6,1.41,6,deload_week
bulk,76.9,7.9,4.5,30.1,-0.22,6,deload_week
bulk,43.1,9.2,2.7,99.7,-0.68,6,stay_course
bulk,68.0,6.3,4.0,91.9,-0.83,3,stay_course
maintain,71.9,6.1,2.6,53.4,1.14,1,reduce_calories
bulk,53.5,7.9,4.8,94.2,-0.91,3,deload_week
maintain,43.8,7.6,1.1,60.2,-1.43,6,increase_calories
maintain,90.4,5.7,2.9,97.1,1.0,3,increase_intensity
bulk,87.6,9.2,4.1,73.4,0.79,6,stay_course
maintain,74.7,4.9,1.2,32.3,-0.56,6,deload_week
cut,87.0,4.8,4.2,33.8,0.33,4,deload_week
cut,46.1,4.8,1.2,89.5,-0.29,5,deload_week
maintain,54.0,7.5,3.6,30.7,-0.35,4,stay_course
bulk,77.2,6.2,4.8,84.8,-0.14,3,deload_week
bulk,51.5,5.0,3.4,34.7,0.87,2,deload_week
bulk,47.6,7.0,2.4,63.7,0.36,2,stay_course
cut,48.3,4.7,1.5,70.9,0.04,6,deload_week
maintain,58.7,8.9,4.1,40.3,-0.57,3,stay_course
maintain,62.1,4.5,3.3,77.5,-1.33,5,deload_week
bulk,91.5,6.6,1.8,44.0,1.23,1,reduce_calories
maintain,51.4,6.9,3.8,62.7,0.58,5,stay_course
bulk,97.8,7.6,2.7,41.4,-0.14,1,stay_course
maintain,53.2,4.5,1.9,46.1,0.37,2,deload_week
maintain,84.1,9.3,2.3,81.8,-0.88,2,increase_intensity
cut,61.8,4.9,1.1,38.1,-0.63,2,deload_week
bulk,75.1,8.3,1.2,32.1,-0.91,2,increase_calories
cut,93.1,8.1,2.4,68.8,-0.96,1,stay_course
cut,90.6,9.1,1.1,77.4,-0.36,1,increase_intensity
maintain,96.2,6.0,2.0,86.7,0.48,5,increase_intensity
bulk,92.9,8.9,1.3,40.1,1.27,2,reduce_calories
cut,72.0,8.0,2.3,60.1,0.41,1,stay_course
bulk,75.2,8.8,2.2,40.4,-0.76,6,increase_calories
maintain,92.4,8.8,4.9,92.0,-0.87,1,deload_week
maintain,87.5,7.6,1.7,57.2,1.15,5,reduce_calories
maintain,69.9,6.8,2.3,56.2,0.58,6,stay_course
maintain,68.4,7.4,3.6,85.3,0.45,2,stay_course
cut,93.7,6.8,1.9,45.3,-0.22,4,stay_course
bulk,49.4,8.7,2.0,35.9,0.75,3,stay_course
maintain,71.1,5.7,1.2,65.9,-0.49,4,stay_course
maintain,66.0,6.3,3.0,49.1,-1.43,4,increase_calories
cut,55.9,4.9,4.6,50.6,0.01,5,deload_week
bulk,44.7,5.9,1.9,38.3,-0.42,5,stay_course
cut,60.0,7.9,2.0,82.2,0.81,3,stay_course
cut,82.3,9.5,5.0,82.7,0.72,3,deload_week
cut,86.2,5.9,2.4,99.8,1.34,5,increase_intensity
bulk,40.7,7.8,5.0,96.6,1.1,2,deload_week
cut,83.4,5.5,1.9,71.1,0.16,4,increase_intensity
bulk,88.9,6.2,1.3,89.2,-0.21,6,increase_intensity
maintain,52.6,6.7,3.2,56.2,0.23,2,stay_course
maintain,96.6,4.5,4.2,88.4,-0.48,4,deload_week
maintain,81.1,6.5,4.1,67.6,-0.52,1,stay_course
bulk,87.1,9.1,1.6,96.7,-0.51,6,increase_intensity
bulk,94.8,7.4,2.6,56.7,1.35,1,reduce_calories
bulk,63.2,6.9,2.3,97.3,0.42,3,stay_course
cut,50.3,7.9,1.7,87.9,0.31,1,stay_course
cut,51.9,9.1,2.5,44.4,-0.63,5,stay_course
cut,67.3,6.3,1.0,52.9,1.23,4,stay_course
cut,99.4,5.1,2.7,82.0,-0.33,2,deload_week
cut,92.2,6.0,4.3,76.5,-1.02,5,deload_week
maintain,75.2,7.0,3.7,49.3,-1.48,2,increase_calories
maintain,43.8,6.5,4.2,66.8,1.23,4,deload_week
maintain,67.8,4.7,1.4,75.2,1.26,3,deload_week
bulk,90.6,8.5,2.6,87.6,1.05,4,increase_intensity
cut,50.8,7.6,2.7,56.9,0.48,6,stay_course
bulk,45.7,8.0,1.2,92.0,-1.03,6,stay_course
bulk,57.5,9.1,3.8,80.6,-0.85,4,stay_course
maintain,99.5,7.3,5.0,35.4,-1.18,3,deload_week
maintain,67.1,5.8,3.0,62.4,-1.28,6,increase_calories
bulk,85.0,6.4,4.0,89.9,-0.31,1,stay_course
maintain,46.9,9.1,2.3,82.4,-0.05,1,stay_course
cut,72.9,5.7,4.8,39.8,0.96,2,deload_week
cut,90.3,7.5,1.7,38.7,0.72,2,reduce_calories
cut,80.3,4.6,2.1,60.8,-0.97,6,deload_week
cut,93.6,7.2,2.8,33.3,0.4,5,reduce_calories
bulk,79.8,7.8,1.4,78.3,-0.17,5,increase_intensity
cut,42.9,6.4,1.8,47.5,1.23,2,stay_course
cut,41.0,4.6,1.1,87.4,0.54,1,deload_week
cut,97.5,5.0,4.3,76.5,0.67,1,deload_week
maintain,70.8,8.6,2.3,73.9,0.37,5,increase_intensity
maintain,96.3,5.1,1.9,55.0,-0.98,4,deload_week
bulk,59.0,6.4,2.8,34.6,0.95,6,stay_course
bulk,62.1,4.8,1.9,51.1,0.3,1,deload_week
bulk,72.2,9.5,4.4,42.0,1.38,5,deload_week
maintain,98.9,8.0,3.7,98.1,0.58,3,stay_course
cut,78.1,8.9,2.3,89.6,-0.05,3,increase_intensity
cut,76.5,7.4,2.5,74.8,-0.8,5,increase_intensity
bulk,99.3,5.7,3.5,92.8,-0.57,6,increase_calories
maintain,85.4,7.6,1.2,56.2,-0.61,2,stay_course
maintain,52.3,4.7,4.7,71.9,1.34,6,deload_week
maintain,48.1,6.1,4.1,32.8,0.88,4,reduce_calories
bulk,88.8,8.3,1.9,81.3,-0.47,2,increase_intensity
bulk,43.2,9.1,5.0,86.1,0.59,2,deload_week
bulk,92.4,7.1,1.7,74.1,-1.31,4,increase_intensity
cut,97.2,4.8,5.0,95.7,-1.12,2,deload_week
bulk,72.9,8.5,1.8,65.5,-0.22,4,stay_course
maintain,49.8,5.5,2.7,72.4,-0.59,5,stay_course
maintain,98.1,5.5,4.4,63.7,1.35,3,deload_week
maintain,62.7,6.9,2.7,72.7,-0.2,2,stay_course
maintain,41.2,6.4,4.4,83.1,1.26,5,deload_week
bulk,49.2,8.1,2.0,62.5,-0.14,4,stay_course
bulk,76.4,4.9,1.5,62.8,-1.04,2,deload_week
cut,40.8,7.0,3.9,64.4,1.28,4,stay_course
bulk,62.4,6.9,3.6,71.2,-0.27,1,stay_course
cut,63.1,7.3,1.8,60.5,-0.73,6,stay_course
maintain,70.6,6.9,3.8,78.8,0.45,4,stay_course
bulk,54.8,6.9,4.7,55.3,0.62,1,deload_week
bulk,79.9,5.2,3.4,96.1,-1.06,2,deload_week
bulk,74.7,7.8,1.6,38.2,-1.22,6,stay_course
maintain,63.9,7.4,4.6,66.3,-0.93,4,deload_week
cut,89.8,5.8,2.2,97.7,0.48,4,increase_intensity
bulk,58.5,6.6,4.5,80.9,-1.23,6,deload_week
bulk,86.6,6.2,1.6,82.4,1.29,4,increase_intensity
bulk,58.5,9.4,4.3,30.1,-1.29,6,deload_week
maintain,71.5,7.8,3.9,41.9,-0.38,6,stay_course
cut,51.9,5.4,4.8,61.5,0.94,2,deload_week
cut,43.5,5.4,4.0,48.2,1.21,4,deload_week
maintain,77.6,7.6,4.5,41.6,-0.62,4,deload_week
cut,56.6,6.2,3.3,63.5,0.52,1,stay_course
cut,43.7,8.3,1.0,70.8,1.46,1,stay_course
cut,71.3,4.5,3.4,99.1,0.78,4,deload_week
maintain,85.4,7.5,2.3,77.7,-0.47,3,increase_intensity
cut,96.5,7.8,2.5,34.0,-0.43,3,stay_course
cut,40.2,8.9,2.6,88.5,1.28,1,stay_course
bulk,47.4,7.2,4.8,82.6,-0.75,4,deload_week
bulk,81.2,8.8,3.1,76.2,-1.49,6,increase_calories
maintain,41.0,6.3,1.2,86.5,-0.52,4,stay_course
cut,76.4,6.5,3.5,35.7,-0.22,4,stay_course
bulk,91.4,9.0,3.9,50.6,-0.91,2,increase_calories
bulk,92.6,8.4,3.9,32.2,-0.01,1,stay_course
maintain,89.9,9.5,4.9,62.7,1.19,1,deload_week
maintain,79.8,5.7,1.8,82.7,0.48,1,increase_intensity
cut,66.1,8.1,1.6,95.0,1.21,3,stay_course
cut,83.2,7.8,4.8,76.9,0.5,5,deload_week
bulk,83.5,5.0,3.8,91.0,1.3,5,deload_week
cut,78.6,6.4,3.9,81.5,-0.36,6,stay_course
bulk,98.0,6.7,1.9,48.1,-0.63,1,stay_course
cut,60.4,7.5,1.8,95.9,0.22,2,stay_course
maintain,97.2,7.4,1.0,34.3,0.11,4,stay_course
maintain,59.2,6.3,3.7,85.8,0.06,5,stay_course
bulk,53.3,6.5,3.2,62.2,-1.07,3,stay_course
cut,70.0,6.8,3.4,40.2,0.5,6,stay_course
cut,75.9,6.0,5.0,38.6,1.49,6,deload_week
bulk,68.7,8.6,3.0,79.3,-0.37,3,stay_course
cut,89.7,5.6,3.9,86.7,0.6,1,stay_course
cut,91.4,8.1,2.2,87.1,1.24,2,increase_intensity
cut,72.9,6.2,3.7,99.3,0.77,4,stay_course
cut,71.7,5.9,3.8,43.7,1.07,4,stay_course
cut,47.9,8.3,3.3,86.4,1.05,6,stay_course
maintain,67.5,5.3,1.6,78.7,-0.63,2,deload_week
cut,53.1,8.2,3.9,30.6,0.68,5,stay_course
cut,80.7,9.4,1.6,96.5,-0.22,2,increase_intensity
cut,45.8,9.4,1.7,33.7,1.44,6,stay_course
maintain,75.6,9.3,3.5,58.3,-1.4,2,increase_calories
maintain,69.3,7.9,4.8,75.7,-0.37,6,deload_week
bulk,79.5,8.4,4.5,75.5,-0.67,6,deload_week
maintain,62.0,5.1,1.3,64.2,0.51,5,deload_week
cut,41.4,7.4,3.3,49.2,0.74,5,stay_course
cut,63.0,9.5,3.8,50.9,-1.12,3,stay_course
cut,82.8,8.8,3.2,58.4,0.6,4,reduce_calories
bulk,89.0,8.4,3.1,34.5,1.01,5,reduce_calories
bulk,89.1,7.8,4.0,44.5,0.48,1,stay_course
cut,91.7,8.0,1.0,61.3,-0.56,1,stay_course
cut,74.5,7.8,1.4,48.0,0.76,1,stay_course
cut,70.4,6.3,3.2,59.6,1.34,1,stay_course
cut,58.0,9.2,3.1,84.8,0.48,4,stay_course
cut,74.6,8.0,3.1,99.0,-0.44,5,stay_course
bulk,52.6,5.0,4.3,46.6,-0.94,3,deload_week
cut,97.4,7.5,1.9,55.1,-1.11,5,stay_course
maintain,44.5,5.8,2.5,93.3,-0.3,1,stay_course
maintain,80.6,9.2,1.6,44.3,0.39,3,stay_course
bulk,81.8,5.5,2.5,76.0,0.96,5,increase_intensity
cut,65.2,5.3,5.0,60.4,-1.42,5,deload_week
cut,44.7,5.1,1.4,68.4,-1.3,6,deload_week
cut,61.8,6.2,2.1,90.8,-0.82,1,stay_course
cut,62.6,9.3,2.5,37.4,1.28,2,stay_course
bulk,83.7,6.0,4.3,64.3,0.09,6,deload_week
bulk,91.9,7.3,3.4,92.8,-0.99,4,increase_calories
cut,60.7,8.2,4.9,67.2,0.28,4,deload_week
maintain,75.5,5.8,3.7,79.9,0.47,2,stay_course
maintain,74.1,5.8,4.7,74.7,-0.39,2,deload_week
bulk,76.5,8.0,1.7,99.0,0.9,5,increase_intensity
maintain,56.5,6.6,4.8,91.7,0.94,3,deload_week
bulk,91.5,9.2,2.6,51.9,-1.23,1,stay_course
cut,83.8,9.2,1.7,34.0,0.73,5,reduce_calories
maintain,88.5,4.6,4.8,77.4,1.3,2,deload_week
maintain,69.9,7.9,3.7,67.3,-1.13,1,increase_calories
bulk,51.4,8.7,1.0,59.7,0.1,3,stay_course
cut,99.7,7.8,4.7,99.9,1.33,6,deload_week
bulk,42.5,6.7,1.7,95.1,0.79,2,stay_course
cut,44.5,8.7,3.1,96.7,-0.23,4,stay_course
cut,62.4,5.1,4.7,47.5,0.12,1,deload_week
maintain,58.0,6.0,1.9,81.7,0.21,2,stay_course
maintain,95.7,9.3,3.1,92.5,1.31,5,reduce_calories
maintain,43.4,4.5,2.8,50.9,-1.18,3,deload_week
bulk,51.2,6.3,1.4,64.4,-1.25,5,stay_course
cut,64.6,9.1,1.0,83.9,-0.75,4,stay_course
maintain,62.5,6.3,4.6,67.5,-0.69,4,deload_week
bulk,90.4,5.3,2.4,60.4,-0.42,6,deload_week
cut,46.6,5.9,1.5,59.5,-0.51,1,stay_course
cut,80.0,9.2,4.8,98.8,-1.14,4,deload_week
bulk,69.7,7.9,1.5,82.6,0.84,4,stay_course
bulk,83.6,8.2,4.3,39.2,1.37,1,deload_week
cut,49.3,7.0,4.1,46.6,0.53,3,stay_course
maintain,98.6,8.2,2.7,50.3,-0.04,4,stay_course
cut,77.1,8.1,1.7,49.7,-1.15,3,stay_course
bulk,54.8,8.6,1.8,79.5,0.93,6,stay_course
bulk,70.1,5.4,5.0,71.4,0.4,2,deload_week
cut,47.9,4.7,5.0,95.0,-0.22,5,deload_week
cut,45.5,4.8,2.6,51.5,0.4,2,deload_week
cut,60.2,6.9,3.0,75.1,-0.59,3,stay_course
maintain,56.8,6.3,2.7,52.4,-1.36,1,increase_calories
cut,43.1,8.2,1.8,63.0,1.23,1,stay_course
maintain,51.1,9.2,2.5,51.3,-1.21,1,increase_calories
bulk,73.1,8.8,2.3,81.9,-0.42,5,increase_intensity
bulk,76.3,5.7,2.1,70.9,-1.24,1,increase_intensity
cut,77.8,7.5,1.2,97.8,1.15,2,increase_intensity
cut,82.3,9.1,1.3,68.3,-0.47,6,stay_course
maintain,99.4,5.5,3.9,33.1,-0.92,5,increase_calories
bulk,55.2,8.9,4.4,93.5,1.43,3,deload_week
maintain,77.8,5.1,2.7,63.8,0.07,5,deload_week
cut,50.0,5.9,4.9,50.3,1.37,1,deload_week
bulk,51.4,8.6,3.0,67.3,0.04,1,stay_course
cut,66.3,7.0,3.2,57.3,0.32,2,stay_course
cut,40.2,7.4,3.4,30.6,1.29,5,stay_course
maintain,70.2,8.1,2.0,89.7,-0.61,3,increase_intensity
bulk,47.1,5.6,3.1,50.4,0.42,3,stay_course
cut,56.2,8.5,3.6,47.4,0.97,5,stay_course
cut,40.1,6.2,3.4,55.8,-1.25,6,increase_calories
bulk,55.8,5.2,4.6,50.6,1.46,6,deload_week
cut,89.4,5.6,4.9,42.4,1.41,5,deload_week
bulk,98.7,8.4,4.1,37.5,0.74,4,stay_course
bulk,55.4,7.6,3.4,44.4,-0.17,3,stay_course
maintain,52.2,7.6,4.4,57.7,-0.16,6,deload_week
bulk,66.0,5.2,2.9,64.7,-0.12,2,deload_week
cut,74.2,9.2,1.7,49.7,-0.57,2,stay_course
maintain,81.2,5.4,1.6,59.8,-0.13,6,deload_week
maintain,46.0,7.1,3.9,86.6,0.31,4,stay_course
maintain,41.2,8.6,4.1,75.1,-1.37,2,increase_calories
cut,56.1,9.2,3.4,85.5,-1.47,1,increase_calories
bulk,84.2,6.2,3.8,44.2,-0.06,5,increase_calories
maintain,88.9,6.0,2.9,47.1,0.13,3,stay_course
bulk,72.6,4.6,1.2,68.1,-1.19,4,deload_week
cut,40.1,5.6,1.9,57.0,-0.44,3,stay_course
cut,95.3,7.9,3.7,80.0,1.2,4,reduce_calories
cut,99.4,5.6,4.8,49.7,-1.27,3,deload_week
cut,61.6,9.1,1.3,33.0,-1.05,4,stay_course
bulk,60.1,5.4,2.7,92.5,0.56,5,deload_week
maintain,60.9,5.0,4.7,76.3,1.3,6,deload_week
cut,87.3,8.8,4.9,84.4,-1.06,2,deload_week
maintain,66.8,8.5,4.9,87.0,-1.16,4,deload_week
bulk,56.7,5.0,5.0,42.7,-0.34,3,deload_week
maintain,65.4,8.0,2.7,85.5,-0.5,6,stay_course
cut,63.0,7.2,3.2,64.5,0.11,2,stay_course
maintain,45.0,8.1,3.1,84.4,0.93,2,reduce_calories
bulk,45.2,6.3,1.8,89.5,-0.41,4,stay_course
cut,95.3,4.8,2.4,89.4,1.1,2,deload_week
maintain,67.6,8.7,3.2,95.2,-0.24,2,stay_course
cut,43.4,5.2,4.8,79.3,-0.37,1,deload_week
bulk,97.9,6.4,3.8,76.4,-1.28,5,increase_calories
cut,41.8,6.3,1.3,35.4,0.21,4,stay_course
cut,85.9,6.8,1.6,66.9,1.35,4,reduce_calories
maintain,83.4,6.7,3.6,30.9,-1.17,1,increase_calories
bulk,41.9,8.3,3.0,30.8,1.0,6,stay_course
maintain,73.2,8.6,4.7,65.1,0.63,4,deload_week
cut,56.3,5.0,2.5,96.6,0.73,4,deload_week
bulk,43.4,6.5,4.3,98.3,0.32,1,deload_week
bulk,68.1,6.1,3.6,87.9,-1.01,3,stay_course
bulk,65.5,5.8,1.4,55.4,0.84,3,stay_course
cut,54.4,5.3,1.4,44.8,-1.47,3,deload_week
cut,73.1,7.7,1.1,48.8,1.43,5,stay_course
cut,73.8,8.5,1.2,52.0,1.33,1,stay_course
maintain,85.1,9.3,3.0,52.0,-0.33,3,stay_course
cut,82.2,5.0,2.6,81.9,-1.2,2,deload_week
cut,75.2,6.4,3.3,89.6,-0.63,2,stay_course
bulk,67.8,8.9,1.4,80.3,1.15,6,reduce_calories
bulk,48.5,8.1,5.0,65.1,1.48,5,deload_week
bulk,71.4,8.3,2.8,39.2,-0.63,5,stay_course
maintain,42.4,8.1,3.7,46.7,1.49,5,reduce_calories
cut,97.5,7.3,5.0,36.8,-1.46,3,deload_week
bulk,92.1,8.5,4.6,64.9,-0.14,2,deload_week
maintain,49.7,5.9,2.5,36.2,-0.96,4,increase_calories
maintain,99.2,9.4,4.1,60.9,1.27,1,reduce_calories
bulk,69.3,6.3,2.1,58.6,0.36,6,stay_course
cut,66.4,7.1,3.5,52.0,-1.25,4,increase_calories
bulk,67.0,8.9,5.0,33.0,1.43,1,deload_week
bulk,87.4,8.0,3.2,40.8,-1.18,4,increase_calories
cut,74.2,8.8,1.9,91.2,0.51,3,increase_intensity
maintain,68.1,7.2,4.3,37.6,-0.96,1,deload_week
maintain,86.1,5.5,2.3,52.2,1.49,4,reduce_calories
cut,82.1,6.9,2.1,32.7,-1.03,4,stay_course
cut,78.4,6.1,1.1,72.1,-0.36,3,increase_intensity
maintain,98.7,5.6,1.8,31.6,0.78,4,stay_course
maintain,55.1,5.4,1.6,49.2,-1.25,6,deload_week
maintain,92.3,7.1,3.7,48.2,0.99,1,reduce_calories
maintain,60.5,8.3,1.7,54.4,-0.24,4,stay_course
bulk,81.3,5.3,3.8,54.8,0.58,4,deload_week
cut,73.7,9.0,1.8,80.6,0.24,2,increase_intensity
maintain,79.8,8.6,3.9,87.8,0.7,1,stay_course
cut,93.8,9.2,3.0,52.1,0.88,6,reduce_calories
maintain,55.8,8.1,5.0,96.0,1.07,6,deload_week
maintain,78.3,7.4,1.1,82.2,-0.94,6,increase_intensity
bulk,86.5,7.5,1.9,44.7,-0.93,6,increase_calories
bulk,97.3,6.4,2.5,51.1,-0.58,1,stay_course
bulk,69.9,9.5,2.7,54.6,0.98,4,stay_course
bulk,98.4,6.2,4.7,62.1,-0.38,5,deload_week
bulk,49.8,6.7,2.1,76.2,0.54,6,stay_course
maintain,82.1,9.2,4.6,36.9,-1.24,1,deload_week
cut,79.0,7.6,2.6,64.7,0.76,5,reduce_calories
cut,78.0,7.0,4.2,76.7,1.06,2,deload_week
cut,86.6,7.3,1.5,89.9,1.35,3,increase_intensity
maintain,64.8,8.6,3.8,81.9,-1.48,3,increase_calories
cut,70.5,5.8,3.6,51.5,1.21,4,stay_course
bulk,54.5,9.0,2.7,31.1,-1.04,3,stay_course
bulk,89.2,7.5,2.3,97.1,1.48,2,increase_intensity
bulk,98.4,5.5,3.6,88.0,0.9,5,stay_course
maintain,47.7,7.7,4.9,42.2,1.21,5,deload_week
cut,66.2,5.0,4.2,65.3,0.39,4,deload_week
bulk,95.0,8.7,1.6,52.6,-1.22,1,stay_course
maintain,40.7,8.4,1.6,73.3,0.13,1,stay_course
bulk,62.9,8.2,1.5,61.8,0.39,3,stay_course
cut,54.4,9.0,2.2,67.5,-0.76,4,stay_course
maintain,79.6,5.9,4.7,73.9,0.42,5,deload_week
cut,46.7,9.1,1.5,39.9,-0.71,2,stay_course
cut,44.6,8.7,4.7,44.6,-1.2,1,deload_week
maintain,44.4,9.3,1.3,78.1,-0.37,3,stay_course
bulk,94.5,8.5,1.7,30.7,-0.96,5,increase_calories
bulk,76.4,4.7,4.9,99.6,-0.05,5,deload_week
bulk,72.8,5.3,4.0,94.9,-0.92,1,deload_week
bulk,41.4,7.1,1.6,90.7,-1.16,2,stay_course
cut,59.7,5.6,3.9,95.8,-0.7,4,stay_course
cut,97.2,6.2,3.2,50.6,0.74,4,reduce_calories
maintain,70.8,6.5,1.8,42.1,0.56,6,stay_course
maintain,97.7,5.0,4.2,71.1,-1.0,2,deload_week
bulk,69.3,8.9,2.7,82.3,0.95,5,stay_course
cut,76.4,6.6,3.3,56.2,0.4,1,stay_course
maintain,50.0,4.7,3.0,71.1,-0.62,6,deload_week
bulk,61.1,4.6,1.7,52.6,0.87,3,deload_week
cut,44.4,7.8,2.5,84.6,-1.13,3,stay_course
bulk,40.7,6.1,2.9,85.7,1.2,5,reduce_calories
cut,63.1,7.5,3.1,37.2,-0.67,5,stay_course
bulk,44.5,9.0,2.7,82.9,-0.55,3,stay_course
cut,51.8,8.5,3.0,99.3,-0.24,1,stay_course
maintain,50.3,6.1,2.5,70.3,-0.64,6,stay_course
bulk,99.3,9.1,2.1,88.9,-0.29,5,increase_intensity
bulk,42.3,7.7,1.3,36.7,0.91,6,stay_course
maintain,56.5,8.3,2.6,69.0,-0.56,5,stay_course
cut,63.6,8.0,2.8,89.4,1.4,1,stay_course
maintain,96.3,5.0,1.9,87.8,-1.08,3,deload_week
bulk,83.5,5.6,1.4,80.7,0.94,5,increase_intensity
cut,96.0,8.8,2.0,84.9,-1.17,3,increase_intensity
cut,55.8,7.9,4.2,56.6,0.6,2,deload_week
bulk,67.6,5.1,4.4,82.7,1.16,4,deload_week
bulk,66.8,5.1,3.1,70.5,0.48,3,deload_week
maintain,86.4,6.9,1.4,83.6,0.63,3,increase_intensity
bulk,90.1,5.7,3.6,89.9,0.58,1,stay_course
maintain,43.6,4.6,1.9,87.3,-0.94,1,deload_week
maintain,52.5,7.5,3.1,90.1,0.78,3,stay_course
bulk,67.2,5.3,3.0,94.0,-0.84,3,deload_week
maintain,98.5,8.8,3.1,84.6,-0.94,3,increase_calories
maintain,49.9,6.0,4.5,75.4,-1.06,1,deload_week
bulk,46.6,4.6,2.8,48.7,-0.07,5,deload_week
maintain,61.1,5.1,3.2,54.8,-0.86,4,deload_week
bulk,65.9,6.2,2.8,55.9,-1.35,4,stay_course
bulk,95.7,5.5,1.8,42.4,-0.67,5,increase_calories
maintain,71.1,5.0,1.2,47.4,-1.17,1,deload_week
cut,93.7,7.4,2.0,67.2,-0.67,5,stay_course
bulk,82.9,6.5,1.4,81.4,1.14,3,increase_intensity
maintain,52.3,8.4,2.4,50.2,0.29,6,stay_course
cut,45.7,7.0,3.8,63.4,-0.58,6,stay_course
cut,50.2,7.9,1.7,53.3,-0.13,1,stay_course
bulk,68.5,6.2,1.7,48.5,-1.27,6,stay_course
cut,75.6,9.3,3.3,64.2,-0.76,1,stay_course
cut,89.1,7.3,5.0,88.5,0.08,2,deload_week
cut,86.5,5.0,4.2,53.5,-0.03,3,deload_week
bulk,55.4,6.9,2.5,30.9,-0.44,6,stay_course
maintain,93.5,8.4,4.4,93.2,0.29,1,deload_week
maintain,81.1,8.1,1.1,98.5,1.07,6,increase_intensity
cut,61.4,4.7,3.3,78.7,-0.21,2,deload_week
bulk,45.4,9.1,2.5,37.6,-0.68,6,stay_course
bulk,72.7,9.1,4.9,91.3,-0.98,6,deload_week
maintain,93.3,6.5,2.7,99.6,-0.57,1,increase_intensity
bulk,71.2,6.2,3.4,60.3,-0.13,3,stay_course
maintain,46.6,4.5,4.7,40.3,0.54,5,deload_week
maintain,77.4,7.8,2.2,50.2,0.9,1,reduce_calories
maintain,42.5,5.9,3.4,33.7,-0.58,4,stay_course
maintain,79.6,4.5,2.0,54.5,-0.65,5,deload_week
bulk,97.5,7.3,4.8,79.9,-1.07,6,deload_week
cut,65.9,9.1,2.2,32.2,1.3,2,stay_course
bulk,78.2,6.6,4.9,36.9,-0.72,3,deload_week
bulk,58.6,7.3,3.7,52.6,0.23,6,stay_course
cut,55.0,6.6,1.8,51.3,-0.61,6,stay_course
maintain,72.7,6.4,4.5,60.6,-1.08,4,deload_week
bulk,58.8,9.2,3.9,62.8,-0.22,4,stay_course
maintain,67.7,9.1,1.1,83.7,-1.23,2,increase_calories
bulk,94.4,8.4,3.3,56.1,0.36,5,stay_course
maintain,43.2,8.7,1.5,76.9,-0.11,5,stay_course
maintain,90.4,4.9,2.1,99.0,-1.18,5,deload_week
cut,89.3,7.3,3.8,90.5,-1.14,5,stay_course
bulk,70.6,8.1,3.8,66.1,0.19,4,stay_course
cut,53.4,7.9,4.4,51.1,-0.57,1,deload_week
maintain,77.4,5.5,1.3,40.7,1.14,5,reduce_calories
cut,54.8,5.0,1.1,65.4,-0.33,1,deload_week
maintain,64.3,9.4,4.3,88.9,0.14,5,deload_week
bulk,66.3,7.8,1.5,40.2,-1.44,2,stay_course
bulk,79.4,5.4,4.0,68.3,-0.07,3,deload_week
maintain,80.1,9.3,3.0,76.7,-0.33,6,increase_intensity
cut,67.8,8.6,1.6,49.8,-1.14,4,stay_course
cut,74.8,4.7,3.6,76.0,-0.17,3,deload_week
cut,68.1,8.1,2.1,98.7,-0.43,5,stay_course
cut,60.9,8.0,2.6,34.4,0.47,3,stay_course
bulk,83.2,6.2,3.9,85.1,-0.66,6,increase_calories
maintain,95.4,4.8,4.4,63.9,1.39,5,deload_week
bulk,50.8,8.0,3.0,76.1,-0.72,6,stay_course
maintain,75.3,7.4,3.3,88.1,-1.3,1,increase_calories
bulk,49.6,5.0,1.4,95.4,-0.07,2,deload_week
bulk,87.7,5.0,4.5,81.0,-0.35,4,deload_week
cut,43.7,5.8,1.1,82.5,-0.18,3,stay_course
bulk,77.9,4.6,1.7,37.5,-0.15,2,deload_week
bulk,74.4,5.5,2.0,60.6,-0.64,2,stay_course
bulk,49.7,8.6,4.2,43.5,0.25,6,deload_week
bulk,45.8,4.7,1.6,30.4,0.82,5,deload_week
bulk,91.9,6.2,3.7,97.0,0.68,5,stay_course
maintain,51.4,5.5,4.3,65.1,-0.43,5,deload_week
cut,88.1,6.7,3.5,91.2,0.21,2,reduce_calories
bulk,57.9,5.1,1.9,72.1,-0.51,2,deload_week
maintain,95.3,5.8,3.8,34.8,1.11,3,reduce_calories
cut,72.1,5.7,3.1,72.8,-0.56,5,stay_course
cut,72.8,9.0,3.3,95.6,1.45,6,stay_course
cut,41.9,6.6,1.8,92.2,-1.32,2,increase_calories
bulk,89.0,6.1,4.0,93.9,-1.31,4,increase_calories
cut,88.3,7.3,3.4,88.5,0.92,3,reduce_calories
cut,97.0,7.5,3.4,35.6,0.15,2,reduce_calories
maintain,83.4,5.0,3.0,45.8,-0.45,4,deload_week
maintain,86.9,8.9,1.9,95.2,-1.42,2,increase_intensity
bulk,76.5,6.4,3.7,31.3,-0.05,4,increase_calories
maintain,81.7,6.6,2.7,39.6,-0.19,5,stay_course
maintain,61.1,6.2,4.7,46.7,-1.22,1,deload_week
cut,64.8,8.3,4.2,67.5,-1.36,1,deload_week
bulk,55.0,4.8,1.2,60.7,-0.65,3,deload_week
maintain,76.1,9.0,5.0,39.1,-0.31,6,deload_week
cut,79.4,4.9,4.8,44.4,0.62,3,deload_week
cut,66.6,6.0,2.5,68.6,1.11,2,stay_course
bulk,93.6,6.1,3.2,37.3,-0.46,4,increase_calories
bulk,97.0,6.9,1.3,93.8,1.02,5,increase_intensity
cut,58.3,7.3,1.5,80.7,0.86,1,stay_course
cut,81.9,7.7,2.8,38.0,-0.0,1,stay_course
maintain,56.7,6.4,4.3,35.9,-0.66,5,deload_week
maintain,69.7,8.8,2.5,33.1,-0.88,2,increase_calories
bulk,65.9,4.8,2.2,67.9,-0.46,1,deload_week
bulk,85.3,6.2,4.3,48.4,0.76,2,deload_week
cut,60.5,8.6,2.7,59.9,0.69,6,stay_course
cut,88.4,7.3,4.8,95.3,-0.64,5,deload_week
maintain,65.4,8.1,4.1,48.2,1.38,4,reduce_calories
bulk,99.6,5.7,4.6,49.6,0.55,3,deload_week
cut,99.9,8.4,2.2,70.0,-1.38,3,increase_calories
maintain,56.1,5.8,3.6,84.0,-1.46,3,increase_calories
bulk,79.6,8.7,4.4,61.1,-1.45,1,deload_week
maintain,42.2,6.3,3.6,69.0,-0.27,5,stay_course
cut,56.6,7.6,2.3,34.5,-0.96,3,stay_course
maintain,92.1,5.1,3.5,40.3,0.35,1,deload_week
cut,46.9,4.7,3.7,90.2,0.24,1,deload_week
bulk,83.0,4.8,3.9,48.1,-0.73,6,deload_week
maintain,72.4,4.7,1.9,37.6,0.02,1,deload_week
bulk,44.6,5.5,3.3,88.0,0.54,1,stay_course
bulk,65.6,5.9,1.1,72.5,-0.42,4,stay_course
bulk,62.5,9.2,2.2,32.2,-0.4,3,stay_course
cut,94.7,4.6,3.4,86.6,0.03,6,deload_week
bulk,87.0,8.1,4.8,56.5,0.25,6,deload_week
bulk,49.0,8.3,3.6,96.9,1.38,2,reduce_calories
bulk,70.2,7.4,3.2,59.3,0.7,5,stay_course
cut,76.4,7.8,3.1,52.2,-0.91,5,stay_course
maintain,94.7,6.1,4.2,98.4,-0.81,3,deload_week
bulk,98.3,8.0,2.8,97.0,-0.27,1,increase_intensity
maintain,73.6,4.9,2.4,63.9,-0.81,4,deload_week
cut,74.2,8.6,1.5,67.6,0.83,4,stay_course
bulk,75.1,5.2,2.0,50.1,-0.56,1,deload_week
maintain,65.3,9.4,3.3,74.3,0.82,2,reduce_calories
maintain,40.9,5.1,2.1,68.8,1.29,6,deload_week
cut,47.6,4.7,2.7,78.3,1.47,2,deload_week
bulk,92.0,9.1,4.6,54.8,-0.29,5,deload_week
cut,82.7,5.1,4.6,92.9,0.27,5,deload_week
cut,99.6,4.7,4.0,54.8,-0.15,4,deload_week
bulk,67.0,8.7,2.2,63.4,-1.1,2,stay_course
bulk,86.0,9.1,4.7,35.9,1.19,5,deload_week
bulk,62.2,7.7,2.5,60.7,0.03,5,stay_course
maintain,96.7,5.0,2.2,53.9,0.19,5,deload_week
bulk,70.5,9.1,2.1,56.9,0.77,2,stay_course
cut,88.8,8.2,5.0,44.7,0.06,5,deload_week
bulk,58.9,6.2,1.7,50.1,-0.04,2,stay_course
cut,57.3,9.1,5.0,82.7,1.27,6,deload_week
maintain,48.5,5.5,4.4,82.8,-1.42,1,deload_week
bulk,72.3,5.5,3.0,87.6,-0.39,3,increase_intensity
bulk,65.6,6.7,1.5,61.8,1.25,6,reduce_calories
bulk,95.2,5.1,4.6,64.5,-1.24,2,deload_week
maintain,83.9,5.1,2.4,35.5,0.88,6,deload_week
cut,59.6,7.0,2.1,74.1,0.04,1,stay_course
bulk,81.3,9.0,1.2,37.0,0.62,5,stay_course
maintain,51.4,7.3,4.4,73.8,1.35,6,deload_week
cut,54.8,7.4,4.5,45.4,-0.91,4,deload_week
cut,69.1,5.4,3.0,39.2,0.4,1,deload_week
bulk,91.4,8.2,1.0,34.7,0.17,2,stay_course
bulk,50.7,6.6,2.1,56.6,0.25,6,stay_course
maintain,69.1,7.8,1.7,51.0,-0.8,3,stay_course
bulk,69.1,8.5,2.6,55.0,-0.06,1,stay_course
cut,46.7,8.9,4.0,50.1,1.41,3,stay_course
cut,79.7,5.1,2.9,52.3,-1.16,6,deload_week
maintain,82.3,8.4,2.9,86.3,-0.03,4,increase_intensity
bulk,54.1,6.0,3.0,92.3,0.85,1,stay_course
bulk,86.3,5.8,2.3,57.4,-0.17,4,increase_calories
maintain,94.7,5.8,3.9,53.8,0.96,3,reduce_calories
maintain,64.6,7.4,1.7,44.4,0.38,5,stay_course
bulk,59.8,7.5,1.1,80.6,0.91,1,stay_course
bulk,60.0,6.3,4.1,34.4,-1.35,2,stay_course
maintain,72.1,9.4,4.4,57.7,0.65,3,deload_week
cut,94.6,6.2,1.9,81.3,1.32,1,increase_intensity
cut,85.3,7.1,3.0,85.4,-1.37,3,increase_intensity
maintain,41.5,7.7,3.8,32.4,0.75,4,stay_course
bulk,64.0,8.6,4.5,90.3,-1.27,5,deload_week
bulk,82.2,8.2,1.1,82.0,0.13,2,increase_intensity
cut,84.2,8.5,1.8,72.4,-0.56,3,increase_intensity
maintain,70.7,4.6,2.1,44.2,-0.71,6,deload_week
bulk,68.3,6.0,1.4,97.7,0.18,4,stay_course
maintain,94.5,7.2,2.0,31.2,-0.01,4,stay_course
maintain,85.8,8.1,2.8,70.5,-1.43,2,increase_intensity
maintain,62.2,7.3,3.6,53.3,0.93,1,reduce_calories
cut,73.7,5.5,4.8,71.5,-1.25,4,deload_week
bulk,90.3,7.1,4.4,83.2,-1.32,4,deload_week
maintain,64.7,8.2,4.3,32.6,0.57,5,deload_week
maintain,92.3,5.8,1.8,69.4,-0.03,4,stay_course
maintain,97.6,5.7,2.8,63.8,0.16,6,stay_course
bulk,44.9,5.0,3.8,56.3,0.77,2,deload_week
bulk,84.9,5.3,2.8,98.0,-1.38,4,deload_week
maintain,50.2,8.5,2.9,82.4,0.14,4,stay_course
cut,57.8,6.7,2.2,94.5,0.53,5,stay_course
maintain,76.9,6.4,3.6,39.9,0.07,2,stay_course
bulk,97.1,6.4,3.4,63.0,-0.87,3,increase_calories
bulk,83.2,8.8,1.5,66.7,0.99,1,stay_course
maintain,65.0,5.3,1.3,98.4,-0.56,2,deload_week
cut,81.6,7.2,2.3,34.3,-0.09,2,reduce_calories
cut,61.0,7.3,1.9,74.0,1.28,3,stay_course
maintain,89.2,8.8,3.3,51.4,0.37,4,stay_course
maintain,73.7,7.7,1.8,71.5,-1.19,2,increase_intensity
maintain,50.7,7.3,1.5,66.6,0.43,4,stay_course
maintain,74.5,8.8,3.4,97.7,0.71,5,stay_course
bulk,94.6,5.5,1.0,46.2,-0.85,5,increase_calories
cut,48.6,6.9,1.0,35.4,1.41,2,stay_course
bulk,88.4,6.6,2.9,51.2,0.78,2,stay_course
bulk,63.6,8.4,3.8,54.8,1.02,3,reduce_calories
bulk,44.7,7.5,1.9,41.6,0.4,3,stay_course
bulk,48.6,6.7,2.8,78.7,-0.75,1,stay_course
bulk,94.0,7.8,1.7,90.6,1.07,6,increase_intensity
maintain,83.7,5.6,3.2,99.9,1.32,4,reduce_calories
maintain,50.7,8.2,1.0,60.9,0.08,1,stay_course
bulk,58.6,5.0,2.5,47.8,1.26,5,deload_week
maintain,42.0,5.9,2.9,33.1,0.59,3,stay_course
maintain,77.5,9.4,4.3,90.4,1.28,5,deload_week
bulk,67.3,5.4,4.0,75.3,0.14,1,deload_week
cut,62.2,7.6,3.9,79.4,-0.97,2,stay_course
cut,65.2,8.7,1.2,74.6,-1.31,1,increase_calories
bulk,56.6,8.8,3.6,81.6,-0.5,6,stay_course
maintain,93.9,5.3,4.9,80.5,-0.4,1,deload_week
bulk,64.2,8.7,3.7,34.5,0.98,5,stay_course
cut,83.7,4.9,2.8,49.3,-0.9,5,deload_week
maintain,50.4,8.2,4.4,30.2,-0.68,3,deload_week
cut,60.5,7.3,3.8,69.6,-0.11,1,stay_course
cut,51.0,4.9,2.3,73.9,-1.44,2,deload_week
cut,53.1,6.4,1.3,80.7,-0.76,6,stay_course
bulk,96.6,8.8,4.0,81.7,-0.57,4,increase_calories
bulk,57.2,5.9,3.3,59.0,1.01,3,reduce_calories
cut,50.6,6.0,3.8,48.5,-0.03,5,stay_course
maintain,60.9,7.7,2.8,74.2,1.0,1,reduce_calories
bulk,63.1,7.2,1.8,79.2,-0.46,6,stay_course
maintain,52.4,8.0,3.0,88.1,0.88,1,reduce_calories
bulk,86.4,5.8,2.9,32.2,-1.15,6,increase_calories
bulk,51.2,5.2,3.3,56.1,-0.37,5,deload_week
cut,59.3,5.0,2.4,93.1,-1.02,4,deload_week
maintain,60.2,9.0,1.7,55.1,-1.01,5,increase_calories
cut,85.1,6.7,3.5,71.6,0.58,6,reduce_calories
maintain,68.4,5.7,3.9,72.1,-0.05,4,stay_course
maintain,42.4,9.1,1.9,95.4,1.28,1,reduce_calories
maintain,65.6,5.8,3.3,71.5,-1.01,2,increase_calories
maintain,93.2,9.3,4.8,43.9,1.42,2,deload_week
cut,79.8,8.4,1.2,36.3,0.88,2,reduce_calories
maintain,67.5,5.3,1.0,40.3,1.15,3,deload_week
maintain,44.8,5.7,1.8,36.3,-0.77,6,stay_course
bulk,90.7,6.4,2.9,54.1,-0.09,6,increase_calories
maintain,81.9,9.1,3.7,88.2,0.62,1,stay_course
maintain,47.7,8.3,1.5,84.1,1.19,6,reduce_calories
bulk,92.4,7.5,3.1,54.3,0.51,5,stay_course
cut,53.3,7.5,4.1,55.8,-0.48,1,stay_course
bulk,76.0,6.5,1.3,46.1,-0.0,1,stay_course
cut,58.1,5.0,2.5,42.6,-1.05,3,deload_week
maintain,80.5,6.9,2.0,96.9,-0.96,4,increase_intensity
bulk,71.0,5.0,4.2,54.2,0.7,6,deload_week
maintain,88.2,4.6,2.3,70.2,-0.35,4,deload_week
cut,69.2,9.3,2.6,84.0,-0.59,3,stay_course
bulk,78.0,7.5,4.2,61.5,-0.38,4,deload_week
bulk,60.1,7.2,2.5,85.0,1.44,5,reduce_calories
maintain,92.2,4.9,1.0,96.4,0.62,3,deload_week
cut,70.9,7.6,4.5,60.4,-0.11,1,deload_week
cut,92.1,6.8,1.2,72.0,-0.39,4,increase_intensity
maintain,80.5,8.3,1.1,48.7,-0.62,4,stay_course
cut,66.8,6.0,1.1,37.8,0.7,5,stay_course
bulk,63.8,5.4,3.1,38.8,-1.07,4,deload_week
maintain,93.6,6.2,2.8,73.2,1.26,6,increase_intensity
bulk,74.1,4.7,2.3,32.7,0.33,6,deload_week
bulk,88.7,5.0,3.1,80.8,-0.49,6,deload_week
bulk,58.1,6.5,1.7,82.3,0.66,6,stay_course
cut,90.2,6.7,1.5,43.4,-0.72,3,stay_course
bulk,70.8,8.8,2.0,85.9,-0.38,4,increase_intensity
cut,85.6,6.7,4.0,84.5,-0.67,6,stay_course
cut,76.3,9.0,3.7,49.1,-0.28,1,stay_course
maintain,79.4,5.9,2.8,85.3,0.4,1,increase_intensity
cut,53.5,8.0,1.9,72.8,0.68,5,stay_course
maintain,75.3,7.7,2.3,57.2,1.29,1,reduce_calories
maintain,60.4,6.2,2.8,62.3,0.73,2,stay_course
bulk,81.9,7.9,2.0,32.3,1.06,1,reduce_calories
bulk,69.2,9.4,1.3,82.4,0.09,3,stay_course
maintain,85.1,6.8,2.9,40.9,0.25,5,stay_course
maintain,73.9,6.6,4.1,82.6,-0.65,6,stay_course
maintain,99.4,6.4,3.2,56.5,1.35,1,reduce_calories
cut,63.7,5.6,1.4,50.3,1.09,6,stay_course
maintain,73.0,6.3,1.9,93.0,-0.66,3,increase_intensity
bulk,46.3,8.9,4.8,83.3,-0.55,5,deload_week
bulk,63.5,8.8,3.0,62.5,0.98,4,stay_course
cut,95.4,5.4,2.2,67.3,-0.5,4,deload_week
bulk,50.3,9.0,2.5,75.7,1.42,4,reduce_calories
cut,78.2,7.6,1.6,73.4,1.5,5,increase_intensity
bulk,83.9,9.2,2.3,47.5,0.21,4,stay_course
bulk,45.5,6.4,4.0,91.8,0.46,5,stay_course
bulk,91.8,8.8,1.6,55.8,1.12,2,reduce_calories
maintain,96.2,9.1,2.3,50.5,1.18,2,reduce_calories
bulk,67.7,5.7,3.4,99.3,0.89,4,stay_course
bulk,78.5,8.5,4.4,91.0,1.23,2,deload_week
maintain,83.3,4.8,4.0,77.7,-0.28,5,deload_week
maintain,91.7,4.9,2.7,48.2,0.65,1,deload_week
bulk,86.6,7.7,3.1,31.7,-0.06,6,increase_calories
cut,57.6,6.5,4.3,83.8,-0.41,6,deload_week
bulk,77.8,6.7,4.1,37.3,1.04,5,reduce_calories
cut,83.3,6.3,3.6,39.9,-0.77,4,stay_course
cut,55.9,6.2,3.8,62.1,0.63,2,stay_course
maintain,60.5,7.9,2.3,61.5,-0.73,3,stay_course
bulk,42.1,5.2,3.1,31.8,1.14,5,deload_week
maintain,82.8,6.0,3.9,69.7,-0.59,6,stay_course
maintain,80.4,5.3,4.2,39.0,0.32,4,deload_week
maintain,78.2,4.6,1.8,51.2,0.25,3,deload_week
maintain,83.3,8.2,5.0,58.4,0.36,2,deload_week
maintain,78.6,7.4,3.0,66.6,-0.37,4,stay_course
bulk,50.1,7.1,1.7,92.8,-1.46,1,stay_course
maintain,53.5,5.5,1.6,72.6,0.69,1,stay_course
bulk,51.8,7.0,3.3,74.7,-1.46,6,stay_course
bulk,93.9,8.2,2.5,32.3,0.38,3,stay_course
bulk,44.0,7.3,3.1,81.9,1.12,1,reduce_calories
maintain,74.0,5.7,2.0,81.8,0.57,6,increase_intensity
cut,53.7,8.1,1.7,98.6,-0.7,3,stay_course
cut,84.6,8.2,4.7,93.4,-1.1,3,deload_week
cut,52.5,5.7,4.0,63.4,-1.21,1,increase_calories
maintain,87.4,4.9,2.9,60.9,-0.07,1,deload_week
bulk,75.4,7.5,2.2,30.7,-0.21,1,stay_course
bulk,93.2,8.4,1.8,86.4,0.34,4,increase_intensity
cut,55.1,6.5,2.1,74.2,-0.51,4,stay_course
bulk,57.0,7.7,2.1,67.3,-0.48,6,stay_course
bulk,70.2,7.6,1.4,83.0,-0.95,1,increase_intensity
maintain,93.6,7.0,3.0,42.5,0.78,6,stay_course
maintain,45.7,8.8,2.4,78.1,0.97,2,reduce_calories
cut,85.8,5.6,3.0,52.4,0.09,1,stay_course
bulk,58.0,7.5,3.3,40.8,-1.03,4,stay_course
cut,91.1,7.6,1.6,97.0,1.44,6,increase_intensity
bulk,87.3,8.4,2.1,95.3,-0.08,3,increase_intensity
maintain,48.7,6.2,2.4,82.2,-0.15,4,stay_course
bulk,63.6,6.6,4.0,58.3,1.41,3,reduce_calories
bulk,88.3,9.4,4.1,31.4,0.61,2,stay_course
bulk,83.0,6.0,2.5,52.5,0.87,3,stay_course
bulk,73.6,5.5,1.9,65.2,1.07,1,reduce_calories
cut,54.6,6.1,2.9,80.5,-0.09,1,stay_course
bulk,63.4,9.3,3.8,47.5,1.46,5,reduce_calories
maintain,43.6,4.8,2.4,67.7,-0.19,3,deload_week
cut,68.3,8.9,1.3,98.4,0.7,2,stay_course
cut,75.4,7.4,3.2,60.7,-0.52,5,stay_course
bulk,55.6,7.2,2.2,31.5,0.82,1,stay_course
bulk,82.7,6.1,4.4,93.4,-0.16,2,deload_week
cut,59.3,5.6,2.4,43.9,1.41,3,stay_course
maintain,76.2,9.2,1.6,75.0,-0.22,4,increase_intensity
cut,89.9,4.8,5.0,56.1,0.2,1,deload_week
bulk,92.4,6.1,3.2,49.8,-0.5,1,stay_course
bulk,44.5,5.0,3.2,37.9,-1.03,5,deload_week
cut,74.4,6.8,3.6,43.4,-1.28,6,increase_calories
maintain,89.1,6.8,4.6,99.6,-1.04,3,deload_week
cut,50.9,7.4,2.8,84.7,0.72,4,stay_course
cut,64.1,6.0,3.5,57.3,-1.47,3,increase_calories
maintain,49.0,8.8,3.3,83.7,0.1,6,stay_course
bulk,52.0,8.6,4.7,92.5,0.64,5,deload_week
cut,51.3,5.2,2.2,37.1,0.1,1,deload_week
cut,72.4,9.3,2.3,52.1,-0.81,2,stay_course
cut,58.2,6.6,2.1,95.5,-0.85,3,stay_course
cut,48.2,9.0,2.8,88.4,-0.37,4,stay_course
bulk,91.3,5.5,1.2,60.7,-0.9,4,increase_calories
bulk,88.9,5.0,1.7,93.9,0.67,1,deload_week
cut,85.4,5.1,3.0,72.3,0.75,3,deload_week
maintain,51.5,9.4,4.2,55.2,-0.73,1,deload_week
maintain,41.0,6.4,2.7,97.3,-1.2,3,increase_calories
maintain,90.2,6.7,4.4,51.0,1.5,1,deload_week
bulk,78.6,6.4,2.9,96.6,-0.68,6,increase_intensity
maintain,42.7,8.7,1.7,30.6,0.06,2,stay_course
bulk,68.2,4.7,3.4,44.7,0.72,3,deload_week
maintain,77.1,8.6,2.7,42.2,0.06,2,stay_course
bulk,88.6,7.8,2.5,94.7,0.86,1,increase_intensity
maintain,52.2,6.5,2.5,88.9,0.37,1,stay_course
cut,59.9,8.9,1.1,91.0,1.24,1,stay_course
bulk,62.6,7.5,3.1,41.1,-1.46,2,stay_course
cut,65.2,4.8,4.9,62.5,-0.25,5,deload_week
maintain,48.1,7.5,3.5,51.8,-0.09,3,stay_course
cut,59.4,7.2,4.8,76.8,-1.21,4,deload_week
bulk,89.9,7.4,1.5,66.0,0.92,2,stay_course
cut,79.6,8.2,3.9,49.8,0.35,2,reduce_calories
cut,55.0,8.2,2.2,79.7,-0.11,5,stay_course
bulk,71.0,9.4,2.1,93.0,-0.52,3,increase_intensity
bulk,48.7,8.2,4.4,82.4,0.9,6,deload_week
cut,87.7,9.4,1.1,74.4,1.01,2,increase_intensity
cut,63.8,4.6,2.9,90.0,-0.94,5,deload_week
maintain,67.1,5.6,3.5,68.2,-1.15,3,increase_calories
bulk,86.1,9.1,2.3,92.5,-0.73,4,increase_intensity
bulk,67.4,5.0,4.4,83.4,-0.71,3,deload_week
maintain,78.5,9.3,1.5,45.9,-0.13,1,stay_course
cut,73.0,6.0,4.5,51.5,-0.19,1,deload_week
bulk,51.0,8.6,4.5,65.8,-1.07,6,deload_week
cut,86.6,5.5,4.0,66.8,0.84,5,reduce_calories
bulk,71.5,8.5,2.5,46.1,1.34,5,reduce_calories
cut,62.5,5.0,1.7,74.4,0.35,6,deload_week
cut,72.4,9.3,2.7,44.2,-1.35,4,increase_calories
maintain,63.4,7.1,2.7,63.4,-0.53,6,stay_course
maintain,40.0,5.8,3.2,51.8,1.27,5,reduce_calories
bulk,97.6,4.8,2.6,40.1,0.97,2,deload_week
maintain,87.2,7.7,2.6,43.5,1.0,1,reduce_calories
cut,97.8,5.9,4.6,38.6,0.72,6,deload_week
cut,52.3,5.2,2.1,52.9,0.41,5,deload_week
maintain,71.5,8.4,3.4,46.3,-0.19,1,stay_course
bulk,84.6,6.8,1.3,98.5,1.23,3,increase_intensity
maintain,97.0,4.7,4.4,47.9,0.38,4,deload_week
bulk,50.1,8.0,4.5,64.1,-0.63,5,deload_week
cut,45.3,8.2,4.8,90.6,-0.78,6,deload_week
maintain,90.2,9.3,2.7,74.7,1.1,3,increase_intensity
bulk,83.9,9.0,3.6,53.0,0.5,3,stay_course
maintain,45.0,5.0,4.2,47.0,-0.02,5,deload_week
maintain,79.9,5.0,4.1,79.6,0.18,5,deload_week
maintain,76.4,8.9,3.7,32.9,-1.18,6,increase_calories
cut,74.5,5.1,4.1,55.2,0.52,5,deload_week
maintain,88.9,8.1,1.2,75.3,-0.18,4,increase_intensity
bulk,91.8,4.7,2.6,86.4,0.73,4,deload_week
bulk,94.5,5.6,1.7,74.1,-0.51,3,increase_intensity
maintain,88.1,8.1,4.4,47.7,0.96,3,deload_week
maintain,98.4,5.7,2.8,33.3,-0.13,6,stay_course
maintain,86.1,5.3,3.2,90.4,0.44,6,deload_week
maintain,85.2,8.4,1.7,65.0,-1.23,3,increase_calories
bulk,72.3,8.5,4.9,52.2,-0.58,6,deload_week
cut,78.4,6.1,3.0,43.0,-0.35,3,stay_course
bulk,69.1,6.2,2.8,55.3,-1.02,2,stay_course
maintain,41.0,5.4,2.2,65.4,0.43,3,deload_week
bulk,72.3,6.5,3.8,43.9,-1.23,5,stay_course
bulk,64.3,5.8,3.9,67.3,-0.31,4,stay_course
cut,90.7,8.2,4.5,85.9,0.34,1,deload_week
maintain,100.0,6.7,1.2,68.4,0.5,3,stay_course
cut,69.7,8.7,4.9,47.2,-0.82,6,deload_week
cut,48.7,6.0,4.9,90.0,-0.05,4,deload_week
maintain,73.4,9.5,1.8,43.0,0.06,4,stay_course
bulk,74.5,9.0,2.5,48.3,0.89,3,stay_course
maintain,65.9,6.3,4.7,46.4,0.12,1,deload_week
bulk,48.1,8.8,4.9,47.3,0.11,2,deload_week
cut,98.9,8.4,3.0,63.3,-0.56,5,stay_course
cut,83.2,8.1,3.6,68.8,1.46,4,reduce_calories
maintain,74.5,4.8,3.5,64.8,-0.19,2,deload_week
cut,73.6,7.3,1.2,54.3,1.1,2,stay_course
cut,80.9,4.8,3.9,69.9,1.34,6,deload_week
cut,82.8,7.0,3.8,96.0,1.46,2,reduce_calories
bulk,67.1,7.2,3.7,53.1,0.21,5,stay_course
maintain,48.7,7.2,3.7,52.0,-1.48,5,increase_calories
cut,82.7,6.3,1.5,98.4,0.34,5,increase_intensity
maintain,83.8,8.2,2.0,72.1,0.78,2,increase_intensity
cut,41.8,9.1,3.9,53.2,-1.22,4,increase_calories
bulk,82.1,7.9,4.2,56.7,-0.08,3,deload_week
cut,45.8,6.3,3.8,91.5,-0.0,2,stay_course
maintain,64.1,5.6,4.9,74.3,-0.48,1,deload_week
bulk,55.5,8.9,1.2,69.0,0.55,1,stay_course
cut,40.1,9.4,1.1,52.9,-0.58,5,stay_course
bulk,62.5,4.8,1.7,74.6,-0.01,5,deload_week
cut,98.5,5.0,3.7,40.8,-0.38,2,deload_week
maintain,82.4,8.9,1.7,40.4,0.96,1,reduce_calories
bulk,42.3,7.2,4.8,95.8,0.92,3,deload_week
maintain,46.5,7.9,3.4,41.7,-1.2,2,increase_calories
bulk,49.3,7.6,2.3,61.8,0.48,4,stay_course
maintain,96.6,7.8,1.3,47.2,-1.08,4,increase_calories
cut,87.6,4.7,1.2,98.8,-0.06,6,deload_week
bulk,85.3,7.5,4.4,36.4,0.46,5,deload_week
bulk,74.5,7.2,2.6,68.2,-0.9,3,stay_course
cut,66.9,5.5,4.8,59.8,-0.19,1,deload_week
maintain,41.4,5.0,3.2,72.7,-0.58,3,deload_week
bulk,81.9,7.1,1.2,96.3,-0.58,5,increase_intensity
bulk,94.0,7.2,3.6,81.7,0.1,1,stay_course
maintain,63.1,6.3,3.2,87.7,0.55,4,stay_course
bulk,70.5,8.7,3.0,77.7,-1.37,2,increase_intensity
cut,67.4,5.4,1.9,52.4,0.64,4,deload_week
cut,74.3,7.6,1.2,56.7,1.2,1,stay_course
maintain,40.3,5.7,4.3,88.2,1.45,4,deload_week
cut,62.3,8.7,1.2,39.9,-0.76,6,stay_course
maintain,92.9,6.6,3.3,90.5,0.38,2,stay_course
bulk,84.2,5.9,3.8,59.1,-0.26,3,increase_calories
cut,89.0,6.9,3.4,73.9,-0.31,6,stay_course
maintain,47.7,7.9,1.3,38.0,-1.02,4,increase_calories
cut,51.0,6.1,4.8,48.0,0.54,6,deload_week
maintain,57.1,5.9,4.4,48.3,0.78,4,deload_week
cut,97.0,7.3,3.0,38.9,1.49,4,reduce_calories
maintain,46.6,5.6,4.3,42.9,0.79,1,deload_week
cut,66.2,6.4,4.0,60.9,0.81,6,stay_course
bulk,86.0,5.4,1.8,52.3,0.21,2,deload_week
maintain,91.6,5.8,1.7,62.3,1.2,1,reduce_calories
maintain,62.8,9.2,3.0,45.8,0.38,3,stay_course
bulk,83.3,4.6,2.8,89.0,0.3,3,deload_week
bulk,49.7,7.2,2.3,37.8,-1.3,5,stay_course
bulk,41.0,8.1,3.9,52.5,-1.38,1,stay_course
bulk,54.0,6.4,3.3,87.0,0.81,1,stay_course
cut,85.7,4.7,3.2,31.4,0.97,4,deload_week
bulk,78.7,5.9,3.5,61.5,0.74,6,stay_course
maintain,76.8,6.2,5.0,61.8,1.26,2,deload_week
maintain,72.2,6.3,1.6,74.6,-0.98,4,increase_intensity
maintain,92.9,6.3,1.1,86.4,-1.07,4,increase_intensity
maintain,82.6,7.2,1.9,58.2,1.02,3,reduce_calories
cut,96.5,6.6,2.7,81.3,-0.17,4,increase_intensity
maintain,61.8,6.1,2.6,80.6,-0.88,2,increase_calories
bulk,51.5,5.5,4.5,76.2,0.36,4,deload_week
bulk,91.7,8.5,2.5,51.5,-0.32,4,increase_calories
cut,72.6,6.8,4.6,96.9,1.11,4,deload_week
cut,52.0,6.2,4.6,76.2,1.31,4,deload_week
cut,96.6,4.6,1.8,69.7,-0.98,6,deload_week
bulk,73.8,5.3,2.6,84.7,-0.91,4,deload_week
maintain,68.1,8.8,1.5,95.2,-0.55,5,stay_course
bulk,84.1,8.9,3.7,85.1,-1.24,1,stay_course
cut,59.9,4.9,4.7,55.0,0.73,2,deload_week
maintain,90.4,6.3,4.6,70.8,0.98,4,deload_week
maintain,82.2,5.9,1.4,69.3,1.2,2,reduce_calories
cut,64.9,7.2,3.5,41.1,0.16,4,stay_course
bulk,99.0,7.9,4.6,98.3,0.49,2,deload_week
maintain,45.8,4.7,4.5,63.1,-0.07,1,deload_week
bulk,81.3,8.6,4.7,70.9,-0.95,1,deload_week
maintain,96.8,7.3,4.5,99.1,1.16,1,deload_week
cut,48.1,6.0,2.6,40.5,1.48,6,stay_course
cut,97.7,6.1,3.8,96.4,-1.25,5,increase_calories
maintain,41.0,9.0,2.7,41.8,1.05,2,reduce_calories
bulk,56.8,7.1,4.7,64.3,1.22,1,deload_week
bulk,54.3,6.0,2.8,60.3,-1.38,6,stay_course
bulk,67.5,4.9,3.2,39.1,1.43,5,deload_week
cut,84.1,4.6,2.5,93.3,-0.36,1,deload_week
bulk,80.3,8.0,2.3,86.2,1.06,4,increase_intensity
maintain,82.4,5.2,2.4,48.3,-0.92,3,deload_week
maintain,45.0,6.7,3.7,86.4,1.24,5,reduce_calories
cut,41.4,5.1,4.0,47.0,-0.97,1,deload_week
cut,74.3,5.7,1.3,35.3,0.67,6,stay_course
maintain,92.2,7.6,1.6,73.8,1.11,4,increase_intensity
bulk,92.4,8.4,1.4,38.5,0.61,2,stay_course
bulk,95.6,5.4,3.9,36.4,-0.2,6,deload_week
cut,52.6,8.1,2.5,73.8,-0.92,2,stay_course
bulk,99.3,7.5,1.7,50.2,0.53,1,stay_course
maintain,51.1,4.5,1.7,43.8,-1.07,5,deload_week
bulk,98.4,8.0,3.8,35.3,-0.94,3,increase_calories
cut,49.7,7.7,3.4,72.1,0.02,3,stay_course
cut,65.6,8.6,3.9,67.1,0.46,6,stay_course
maintain,56.9,5.3,1.2,64.6,1.21,1,deload_week
bulk,85.3,6.7,3.7,92.9,-0.16,6,increase_calories
bulk,45.3,7.4,4.7,55.3,0.54,6,deload_week
cut,74.2,8.1,2.3,55.1,0.93,3,stay_course
maintain,58.0,6.9,3.2,82.1,-0.82,2,increase_calories
cut,81.5,6.5,4.5,52.7,0.89,4,deload_week
maintain,92.1,6.8,1.6,81.7,-0.34,1,increase_intensity
cut,87.3,6.4,4.5,40.5,-0.4,4,deload_week
bulk,94.3,5.3,4.8,45.2,-1.45,4,deload_week
cut,56.3,5.5,3.0,41.1,0.99,5,stay_course
maintain,53.7,6.9,3.9,60.3,1.34,2,reduce_calories
maintain,98.1,4.8,4.8,34.7,-0.53,4,deload_week
bulk,57.4,5.7,4.8,86.3,-0.25,1,deload_week
maintain,77.9,6.2,2.2,73.3,0.33,5,increase_intensity
cut,71.8,6.2,2.5,78.2,-1.12,5,increase_intensity
maintain,43.8,6.7,2.7,44.7,-0.52,2,stay_course
maintain,78.0,9.0,2.9,49.6,-0.48,3,stay_course
bulk,51.7,5.1,2.3,74.3,1.41,2,deload_week
bulk,75.6,5.7,4.3,64.2,-0.09,1,deload_week
maintain,70.7,5.0,4.0,73.7,-1.26,4,deload_week
maintain,76.2,9.0,4.8,48.6,-0.15,2,deload_week
maintain,82.7,6.3,4.1,63.2,-0.83,1,increase_calories
maintain,61.4,7.6,3.2,84.9,1.37,4,reduce_calories
maintain,76.3,7.2,4.3,75.2,1.37,5,deload_week
bulk,47.2,8.2,3.9,43.6,0.9,3,stay_course
cut,87.4,6.6,4.3,30.8,-0.72,2,deload_week
maintain,41.5,7.8,4.0,35.5,-0.11,2,stay_course
maintain,77.6,7.3,3.4,83.1,-1.18,3,increase_calories
maintain,56.6,8.0,2.8,41.4,-1.11,1,increase_calories
cut,43.1,6.1,2.9,39.9,1.0,4,stay_course
bulk,41.5,6.7,2.3,42.5,0.34,1,stay_course
bulk,57.0,7.3,3.3,91.8,-1.33,6,stay_course
bulk,47.9,4.8,1.3,40.6,0.07,6,deload_week
cut,45.5,6.3,2.4,35.7,-0.47,1,stay_course
maintain,64.0,4.8,2.7,85.3,0.58,5,deload_week
cut,88.9,6.7,1.5,93.8,-0.72,2,increase_intensity
cut,78.7,7.3,1.2,89.0,-0.82,1,increase_intensity
cut,53.1,5.7,1.6,90.9,0.0,3,stay_course
maintain,85.4,7.9,1.1,83.6,-0.02,6,increase_intensity
bulk,81.8,7.3,1.2,71.3,-0.87,5,increase_intensity
maintain,40.4,8.0,3.3,55.8,1.2,2,reduce_calories
maintain,52.8,7.2,4.7,82.1,-0.66,5,deload_week
maintain,70.7,5.3,1.8,72.5,-0.5,3,deload_week
maintain,63.6,7.8,2.8,61.2,1.4,6,reduce_calories
bulk,86.2,5.5,1.5,57.1,-1.18,2,increase_calories
cut,85.6,8.2,2.2,78.3,-0.86,5,increase_intensity
maintain,61.7,4.8,3.5,69.7,1.15,3,deload_week
cut,70.7,6.0,1.9,42.7,-0.5,4,stay_course
bulk,63.3,6.1,4.9,72.1,-1.0,4,deload_week
maintain,73.6,5.9,4.9,90.0,-0.75,5,deload_week
cut,93.1,8.8,3.5,90.0,1.34,1,stay_course
maintain,66.7,8.1,4.8,36.8,-0.4,6,deload_week
cut,98.3,8.2,2.5,49.6,0.46,3,reduce_calories
cut,93.9,6.0,2.1,95.1,1.16,2,increase_intensity
cut,95.2,8.2,3.7,32.1,1.29,4,reduce_calories
cut,40.9,4.9,1.9,90.9,0.24,5,deload_week
maintain,56.2,8.0,2.9,81.2,-1.04,1,increase_calories
maintain,80.7,4.6,3.0,88.1,-0.26,1,deload_week
bulk,93.8,7.8,4.8,91.3,0.63,6,deload_week
maintain,52.2,5.8,3.7,97.4,-0.94,6,increase_calories
maintain,88.6,9.5,1.2,69.4,1.07,5,reduce_calories
bulk,69.3,5.7,4.4,33.3,-0.41,5,deload_week
maintain,67.4,6.9,1.7,76.1,-0.39,5,stay_course
bulk,48.7,8.2,2.4,42.2,-0.29,4,stay_course
maintain,86.0,5.2,3.7,92.3,0.53,4,deload_week
maintain,97.7,4.9,2.0,39.6,1.27,6,deload_week
maintain,67.0,7.2,3.7,92.3,-0.47,6,stay_course
cut,75.9,7.2,4.3,41.2,0.9,2,deload_week
cut,89.5,6.5,4.3,91.7,1.47,5,deload_week
cut,71.2,7.4,2.0,68.5,1.33,6,stay_course
cut,81.0,8.4,3.0,52.8,1.01,3,reduce_calories
bulk,96.2,7.1,4.3,45.3,-0.45,4,deload_week
bulk,85.1,5.0,3.6,61.8,1.0,2,deload_week
bulk,40.0,8.5,3.0,37.5,-1.07,1,stay_course
bulk,97.0,5.7,2.6,87.8,0.13,1,increase_intensity
cut,41.4,4.7,1.5,43.0,0.83,1,deload_week
cut,55.2,9.3,2.7,55.0,-0.29,6,stay_course
bulk,58.0,6.4,1.8,60.0,0.27,4,stay_course
bulk,76.9,4.7,3.0,32.2,-0.54,1,deload_week
maintain,82.0,8.8,2.5,67.7,-1.21,6,increase_calories
bulk,77.2,6.3,4.9,64.3,-1.42,1,deload_week
maintain,85.5,4.9,2.0,36.4,-0.76,6,deload_week
bulk,95.3,6.8,4.0,46.9,1.45,1,reduce_calories
maintain,58.6,8.4,4.4,45.2,-0.27,1,deload_week
bulk,47.7,8.8,4.1,95.5,-0.17,5,stay_course
cut,67.8,8.0,2.6,94.7,0.46,1,stay_course
maintain,75.1,8.0,3.0,93.2,-0.62,2,increase_intensity
cut,57.4,6.2,1.4,40.8,1.01,2,stay_course
maintain,69.2,4.5,4.1,86.5,1.22,4,deload_week
cut,58.1,5.6,4.5,70.8,-0.02,6,deload_week
maintain,88.5,9.2,1.5,41.5,-1.1,5,increase_calories
bulk,41.4,7.0,4.2,60.1,0.63,6,deload_week
maintain,78.1,5.0,2.9,49.5,0.17,4,deload_week
cut,43.9,5.8,4.8,55.0,-0.3,2,deload_week
cut,47.3,5.3,3.3,76.5,-0.16,5,deload_week
maintain,73.4,6.9,4.9,75.9,0.25,1,deload_week
bulk,42.4,5.5,2.2,82.3,-0.33,3,stay_course
cut,70.6,4.6,3.1,48.6,0.09,3,deload_week
cut,59.2,5.7,2.9,44.9,0.49,4,stay_course
maintain,52.8,5.4,3.2,73.9,1.08,1,deload_week
cut,80.0,8.8,1.6,83.2,-0.07,1,increase_intensity
bulk,49.9,7.6,2.7,73.8,1.31,3,reduce_calories
maintain,43.6,6.7,4.5,84.6,-1.42,6,deload_week
bulk,95.8,6.5,3.4,90.7,0.75,2,stay_course
maintain,76.9,8.5,4.6,75.2,0.77,2,deload_week
cut,75.9,5.9,4.1,60.3,-1.41,1,increase_calories
bulk,45.1,9.0,1.6,74.9,-0.39,4,stay_course
maintain,67.9,8.5,4.7,51.2,0.11,3,deload_week
maintain,91.3,6.8,3.0,83.0,1.02,5,increase_intensity
bulk,73.6,7.9,3.4,85.0,-1.09,3,stay_course
cut,81.5,9.4,3.1,73.1,-1.31,6,increase_calories
maintain,96.0,8.9,3.4,45.9,1.28,3,reduce_calories
cut,74.0,6.2,2.2,87.8,0.05,4,increase_intensity
maintain,55.8,6.6,3.6,83.8,1.17,2,reduce_calories
bulk,57.7,7.9,2.4,68.0,-0.54,4,stay_course
bulk,71.2,5.1,3.9,50.4,-0.76,5,deload_week
bulk,89.8,5.4,3.6,64.8,-0.76,4,deload_week
bulk,56.2,7.3,3.1,40.2,0.32,3,stay_course
cut,98.0,8.6,4.9,30.2,-0.93,3,deload_week
maintain,67.3,9.5,3.3,49.4,0.2,2,stay_course
maintain,43.1,6.6,4.9,71.7,-0.07,4,deload_week
maintain,47.2,5.4,2.4,86.1,-1.34,1,deload_week
maintain,46.4,7.2,1.5,36.7,0.73,4,stay_course
cut,42.4,7.8,1.2,37.8,1.43,6,stay_course
maintain,57.1,5.7,1.9,72.3,0.76,5,stay_course
maintain,90.4,5.3,3.2,52.2,-0.84,4,deload_week
cut,72.5,4.6,1.6,70.0,0.34,3,deload_week
maintain,47.5,5.7,2.6,46.9,0.33,2,stay_course
cut,56.8,4.5,3.7,60.5,1.08,4,deload_week
maintain,52.8,5.0,1.3,79.9,-0.17,6,deload_week
maintain,91.0,8.3,1.1,83.6,-0.88,6,increase_intensity
maintain,66.2,8.9,2.4,31.5,0.02,4,stay_course
maintain,76.4,6.4,3.8,72.1,0.6,4,stay_course
cut,87.3,5.5,2.3,58.4,-0.75,3,stay_course
cut,62.8,8.9,4.8,78.1,0.19,6,deload_week
bulk,43.9,8.1,1.1,70.0,-0.42,1,stay_course
maintain,66.2,6.7,2.7,60.6,-0.46,3,stay_course
maintain,94.7,5.8,1.6,45.3,0.26,5,stay_course
bulk,71.9,5.5,1.1,56.7,-1.36,2,stay_course
cut,82.4,5.3,3.5,68.7,-0.75,5,deload_week
maintain,67.2,6.0,4.4,49.5,1.25,2,deload_week
maintain,58.7,7.1,1.9,36.5,-1.34,6,increase_calories
bulk,50.6,7.2,4.8,92.6,-0.79,2,deload_week
bulk,82.8,4.8,1.4,87.2,-0.96,1,deload_week
maintain,73.2,6.3,1.7,67.4,-0.94,1,increase_calories
maintain,91.3,8.3,3.1,31.5,0.01,1,stay_course
maintain,48.1,4.7,1.6,39.3,1.09,3,deload_week
bulk,87.0,6.8,2.8,79.7,0.64,2,increase_intensity
bulk,76.4,4.7,4.9,39.5,-0.64,5,deload_week
maintain,80.7,6.5,3.2,58.3,0.08,6,stay_course
bulk,61.2,7.5,3.9,82.5,0.75,5,stay_course
maintain,50.0,8.8,1.5,32.5,-1.28,3,increase_calories
maintain,46.9,9.0,2.5,51.0,-1.43,4,increase_calories
cut,85.0,5.6,4.1,82.5,-0.15,5,stay_course
bulk,48.4,8.5,2.6,40.0,1.2,4,reduce_calories
maintain,69.2,6.8,2.9,91.8,-0.11,4,stay_course
cut,54.7,5.2,3.6,37.1,-0.38,3,deload_week
maintain,94.6,8.9,4.5,35.5,-0.62,5,deload_week
bulk,68.6,9.2,4.5,63.6,-0.44,2,deload_week
maintain,95.3,5.3,5.0,40.2,0.63,3,deload_week
cut,41.5,5.6,3.1,31.7,-0.29,5,stay_course
maintain,60.8,6.1,2.5,86.1,0.26,4,stay_course
maintain,66.0,7.1,3.7,68.4,0.75,5,stay_course
cut,99.9,5.3,4.3,53.1,0.64,6,deload_week
bulk,78.1,5.2,4.0,43.7,0.35,3,deload_week
maintain,53.2,4.7,1.0,39.3,-0.24,2,deload_week
maintain,88.0,8.9,2.7,69.8,1.47,2,reduce_calories
cut,99.5,5.3,1.1,80.9,0.86,2,deload_week
maintain,94.9,5.3,3.7,38.0,0.51,3,deload_week
bulk,83.7,6.4,2.9,97.0,0.23,5,increase_intensity
bulk,59.8,7.8,3.1,76.7,1.01,5,reduce_calories
bulk,81.0,8.5,4.1,47.2,0.94,4,stay_course
maintain,56.3,9.2,2.2,98.1,1.47,1,reduce_calories
bulk,58.0,8.8,1.4,40.4,-0.83,2,stay_course
cut,67.9,5.3,1.4,68.0,-0.41,6,deload_week
maintain,65.2,6.2,1.3,41.4,-0.06,6,stay_course
cut,86.5,9.1,1.2,58.4,-0.2,4,stay_course
maintain,98.7,6.2,2.5,51.6,-0.04,4,stay_course
maintain,75.3,6.5,4.4,50.1,0.33,2,deload_week
maintain,49.6,6.1,2.5,35.8,-1.25,6,increase_calories
cut,49.0,6.6,4.6,95.4,0.88,6,deload_week
bulk,49.1,4.8,2.9,32.3,-0.63,3,deload_week
bulk,81.1,8.6,2.4,70.0,-1.38,3,increase_calories
maintain,46.0,9.5,1.3,32.8,-1.5,2,increase_calories
cut,93.8,8.6,3.0,48.7,-0.63,5,stay_course
cut,89.9,5.9,1.3,72.4,-0.72,6,increase_intensity
bulk,70.9,7.0,1.9,49.9,-0.32,3,stay_course
bulk,49.8,6.9,2.8,96.6,-0.58,6,stay_course
bulk,88.9,6.6,4.7,85.6,1.04,6,deload_week
maintain,52.6,6.8,3.8,32.6,-1.32,1,increase_calories
cut,46.5,6.7,1.6,35.1,0.81,6,stay_course
maintain,74.8,8.1,2.7,38.6,0.43,6,stay_course
bulk,83.8,6.0,3.8,92.7,0.47,3,stay_course
cut,63.4,6.2,1.2,88.9,0.91,4,stay_course
cut,88.8,6.8,4.9,84.9,1.09,4,deload_week
cut,88.9,8.2,3.8,76.1,1.37,5,reduce_calories
bulk,51.0,8.8,1.7,47.5,-1.22,3,stay_course
cut,42.5,5.2,3.1,64.7,-0.67,2,deload_week
bulk,50.8,4.7,1.0,55.3,-0.47,5,deload_week
maintain,60.2,5.0,4.1,97.8,-0.89,2,deload_week
maintain,80.8,8.8,4.0,49.1,-0.33,5,stay_course
bulk,76.7,7.6,2.7,96.5,0.9,4,increase_intensity
bulk,75.5,6.0,5.0,62.0,-0.65,1,deload_week
maintain,75.4,9.3,1.3,88.1,-0.25,4,increase_intensity
bulk,74.3,9.1,4.3,45.6,-0.71,6,deload_week
cut,89.0,7.8,3.3,57.6,-1.49,2,increase_calories
cut,53.3,8.6,2.0,30.2,-1.36,1,increase_calories
maintain,72.1,9.0,4.8,31.1,1.11,6,deload_week
bulk,87.3,8.3,3.7,64.8,0.24,5,stay_course
bulk,73.1,8.4,4.4,94.8,-0.33,6,deload_week
maintain,50.6,7.8,1.1,60.1,-0.51,2,stay_course
maintain,41.2,5.1,4.0,48.1,0.47,6,deload_week
maintain,64.9,9.0,1.8,41.5,-1.21,3,increase_calories
maintain,99.9,8.0,3.6,35.3,-1.03,1,increase_calories
cut,97.2,4.8,4.1,83.1,-0.69,2,deload_week
cut,85.9,6.2,3.0,88.5,0.1,5,increase_intensity
cut,68.9,7.6,4.1,54.9,-1.22,2,increase_calories
maintain,88.4,7.2,2.0,31.3,1.24,1,reduce_calories
cut,49.7,6.2,3.1,78.3,-0.92,6,stay_course
maintain,41.8,8.8,4.2,60.3,0.92,4,deload_week
cut,50.1,7.6,2.9,71.0,0.59,6,stay_course
cut,90.1,9.2,4.1,69.0,-0.13,3,stay_course
bulk,62.1,9.0,1.1,43.2,0.21,1,stay_course
bulk,96.0,7.7,2.7,88.6,1.41,4,increase_intensity
cut,48.0,5.0,3.1,83.6,0.28,4,deload_week
maintain,73.2,7.3,4.0,38.4,0.93,6,reduce_calories
maintain,54.8,7.2,2.7,32.7,-1.18,3,increase_calories
bulk,97.8,5.2,2.0,56.6,-1.04,3,deload_week
maintain,98.9,9.4,2.5,64.9,0.72,4,stay_course
cut,41.6,5.9,1.7,36.5,-1.09,5,stay_course
bulk,76.0,5.0,1.5,98.2,0.8,3,deload_week
cut,51.0,5.6,4.2,46.2,-0.67,5,deload_week
bulk,94.8,4.9,3.9,95.5,1.11,5,deload_week
maintain,94.4,7.8,1.4,58.3,1.29,3,reduce_calories
maintain,45.6,6.2,4.0,39.6,-1.22,5,increase_calories
cut,46.4,6.9,2.9,55.3,0.13,3,stay_course
cut,75.5,7.3,4.2,35.7,-0.99,6,deload_week
bulk,82.0,5.0,4.2,62.9,0.69,2,deload_week
cut,84.3,8.6,3.7,46.7,-0.28,6,stay_course
bulk,92.5,7.4,3.9,88.9,-0.02,2,increase_calories
cut,65.8,7.6,2.6,87.8,-0.62,2,stay_course
maintain,98.4,6.6,3.3,48.9,0.35,1,stay_course
bulk,65.2,7.7,3.0,98.4,-0.28,2,stay_course
bulk,55.2,5.1,1.7,74.9,-1.14,6,deload_week
cut,47.9,4.7,5.0,82.1,0.69,6,deload_week
maintain,48.0,5.6,4.8,70.2,0.46,6,deload_week
cut,89.8,4.6,1.4,44.4,-1.07,6,deload_week
bulk,87.1,8.8,2.3,58.8,0.48,6,stay_course
maintain,66.6,5.5,3.5,44.5,-0.44,6,stay_course
bulk,54.6,6.9,2.1,33.4,-1.49,4,stay_course
cut,43.7,8.9,1.2,62.1,-0.63,4,stay_course
cut,92.9,5.2,2.1,59.8,-1.46,5,deload_week
cut,75.2,6.2,3.6,61.5,0.57,3,reduce_calories
maintain,97.8,5.8,2.9,60.7,-1.1,2,increase_calories
bulk,69.2,5.6,4.8,65.7,1.3,1,deload_week
maintain,83.3,7.1,3.8,49.0,0.47,3,stay_course
bulk,64.2,4.8,4.8,37.5,1.2,3,deload_week
cut,85.5,7.8,3.2,73.0,0.9,5,reduce_calories
cut,77.7,9.4,1.0,97.1,-0.52,6,increase_intensity
bulk,65.2,6.2,2.9,43.1,0.7,6,stay_course
maintain,55.1,8.5,3.3,74.0,0.51,5,stay_course
bulk,73.8,5.0,2.9,43.7,-0.77,1,deload_week
maintain,61.4,8.3,3.1,64.5,-0.21,5,stay_course
cut,81.4,5.0,4.6,46.2,1.1,2,deload_week
maintain,64.7,9.5,1.3,77.7,1.43,4,reduce_calories
bulk,48.1,8.2,1.9,36.8,-0.73,5,stay_course
maintain,47.2,5.9,3.4,61.5,-0.87,3,increase_calories
cut,76.7,5.0,2.0,71.9,0.74,2,deload_week
cut,68.6,5.9,1.7,83.0,0.69,4,stay_course
cut,87.7,8.9,1.4,65.3,-0.81,5,stay_course
maintain,40.0,8.0,4.7,82.7,0.17,2,deload_week
cut,84.3,9.4,3.3,76.7,-0.92,2,stay_course
cut,84.2,8.2,1.8,44.6,-1.1,4,stay_course
cut,79.7,5.6,1.5,38.3,1.24,2,reduce_calories
maintain,77.6,8.9,2.2,78.1,-1.04,1,increase_intensity
cut,68.4,4.5,2.5,67.3,0.55,4,deload_week
cut,45.1,5.3,1.3,59.1,-0.2,6,deload_week
cut,56.0,7.1,3.2,77.4,1.35,5,stay_course
bulk,99.1,8.9,1.6,99.8,0.1,5,increase_intensity
cut,97.2,6.6,3.4,85.6,-0.66,3,stay_course
bulk,52.8,8.2,4.1,31.4,-0.28,4,stay_course
bulk,67.9,5.0,3.3,85.8,-1.12,1,deload_week
cut,84.2,7.2,4.4,69.2,-0.32,6,deload_week
bulk,82.7,8.6,1.2,42.6,1.13,2,reduce_calories
cut,94.5,7.0,3.4,91.9,-0.78,5,stay_course
cut,60.3,7.2,2.0,53.2,-1.09,2,stay_course
cut,65.7,8.8,1.8,86.2,-0.84,6,stay_course
cut,71.1,7.6,1.3,80.5,0.14,6,increase_intensity
maintain,67.7,7.9,5.0,53.6,-1.4,1,deload_week
cut,86.5,8.0,4.5,80.6,-1.25,2,deload_week
bulk,88.5,7.4,1.3,43.3,1.36,1,reduce_calories
maintain,87.0,7.2,2.5,85.1,0.75,5,increase_intensity
cut,83.2,9.4,2.3,77.1,0.88,5,increase_intensity
bulk,57.4,6.0,1.6,68.2,-1.06,6,stay_course
bulk,72.4,5.9,3.1,83.8,-1.05,3,stay_course
bulk,77.3,4.7,2.5,32.8,-0.2,1,deload_week
cut,76.0,4.5,2.0,47.2,-0.46,3,deload_week
cut,61.7,7.1,3.1,58.4,0.19,2,stay_course
maintain,49.0,5.8,1.9,52.5,0.48,3,stay_course
maintain,89.3,8.4,2.5,32.9,0.64,6,stay_course
maintain,43.2,5.5,2.6,89.9,0.17,5,stay_course
maintain,87.2,4.6,3.5,74.5,1.32,5,deload_week
cut,47.5,4.8,4.2,95.0,1.1,3,deload_week
bulk,47.5,7.3,3.1,30.3,0.38,3,stay_course
bulk,50.6,9.2,3.0,95.2,0.05,4,stay_course
bulk,85.8,7.1,1.3,48.7,-1.04,1,stay_course
cut,81.8,7.6,2.2,42.0,0.21,6,reduce_calories
bulk,83.8,6.5,1.6,47.0,-0.24,6,increase_calories
cut,62.1,8.1,3.1,45.0,-0.57,3,stay_course
cut,67.7,4.7,2.6,96.2,0.39,2,deload_week
maintain,96.8,6.4,2.2,91.1,-0.94,2,increase_intensity
bulk,80.5,6.2,3.7,50.6,1.38,6,reduce_calories
cut,80.1,6.8,2.2,85.4,1.09,5,increase_intensity
bulk,97.6,7.2,4.7,31.6,-0.82,1,deload_week
maintain,54.5,8.0,3.1,88.1,-0.67,6,stay_course
cut,67.9,8.7,1.2,78.2,-1.39,6,increase_calories
bulk,43.5,8.8,2.0,94.2,-0.87,3,stay_course
cut,89.7,5.8,2.3,79.6,-0.32,2,increase_intensity
cut,88.4,5.0,3.8,61.8,-0.1,1,deload_week
bulk,42.9,9.4,2.0,36.4,0.54,4,stay_course
cut,48.1,7.7,5.0,32.7,-0.28,1,deload_week
bulk,44.6,4.9,4.0,83.3,-0.01,3,deload_week
maintain,45.7,9.3,4.4,84.5,0.66,5,deload_week
cut,40.6,5.4,4.3,99.8,-1.41,1,deload_week
maintain,86.7,5.1,1.5,71.8,1.27,2,deload_week
bulk,62.6,6.9,3.8,48.5,-0.65,5,stay_course
cut,97.6,9.0,4.7,91.8,0.54,4,deload_week
maintain,76.6,6.2,4.5,35.3,0.31,1,deload_week
bulk,78.4,7.4,1.4,50.5,-0.81,5,increase_calories
maintain,60.6,4.6,1.6,99.8,-0.92,6,deload_week
cut,96.5,7.5,3.0,35.1,-0.15,3,stay_course
maintain,65.1,5.0,4.7,78.7,1.07,3,deload_week
cut,71.2,6.5,4.0,88.1,0.39,3,stay_course
cut,69.5,6.5,2.7,85.4,-1.36,6,increase_calories
cut,47.0,5.1,4.1,31.3,-1.37,2,deload_week
cut,71.2,5.5,2.6,91.9,-1.23,1,increase_intensity
maintain,49.2,6.8,2.3,82.2,-1.2,2,increase_calories
cut,55.2,6.2,1.2,60.1,0.15,4,stay_course
bulk,46.5,7.6,2.9,83.4,0.43,2,stay_course
bulk,52.7,7.1,2.1,82.5,-1.38,2,stay_course
maintain,93.8,4.5,3.1,61.3,-0.92,3,deload_week
cut,68.6,7.8,3.2,92.6,-1.09,1,stay_course
cut,54.0,6.4,3.9,33.7,0.5,4,stay_course
bulk,81.6,7.5,1.2,55.8,0.19,6,stay_course
cut,88.2,5.9,1.7,31.1,1.49,3,reduce_calories
bulk,88.4,6.5,3.4,70.1,1.33,4,reduce_calories
bulk,74.4,6.4,4.1,50.7,0.16,5,stay_course
bulk,84.8,7.9,4.0,89.8,-1.23,5,increase_calories
maintain,48.7,8.4,3.3,74.6,0.21,2,stay_course
maintain,73.9,6.0,4.1,92.1,0.21,2,stay_course
cut,93.4,5.0,4.4,86.5,-0.83,2,deload_week
maintain,64.3,7.3,4.8,58.5,0.6,5,deload_week
maintain,49.3,7.7,2.8,59.2,1.17,6,reduce_calories
maintain,50.4,5.6,3.2,99.6,-0.82,5,increase_calories
cut,59.5,7.8,4.6,75.5,1.2,5,deload_week
cut,79.4,7.3,1.1,87.3,-0.65,1,increase_intensity
maintain,97.6,8.9,1.5,40.0,0.59,5,stay_course
maintain,60.5,7.2,4.4,40.3,0.27,3,deload_week
bulk,80.6,6.7,2.1,84.9,-0.35,4,increase_intensity
maintain,64.4,4.9,4.3,31.0,-0.05,4,deload_week
cut,80.3,7.9,1.6,43.3,0.09,5,reduce_calories
maintain,98.8,8.3,2.0,43.4,-0.7,5,stay_course
cut,54.4,8.5,2.2,65.6,0.38,1,stay_course
cut,90.0,5.3,4.0,30.1,0.5,5,deload_week
maintain,76.0,9.0,2.6,99.9,-1.15,4,increase_intensity
bulk,52.1,4.9,1.8,72.8,0.97,1,deload_week
cut,96.7,6.4,1.2,75.4,-1.26,6,increase_intensity
bulk,44.4,8.2,1.2,58.5,-0.97,6,stay_course
bulk,51.8,7.4,2.8,58.8,-1.07,6,stay_course
maintain,53.2,5.9,1.1,64.7,-0.17,3,stay_course
maintain,49.7,8.1,2.8,39.8,-0.29,4,stay_course
bulk,47.8,5.2,1.1,85.9,0.74,4,deload_week
bulk,77.5,6.9,2.5,33.3,-1.02,6,increase_calories
bulk,44.0,8.4,1.1,95.6,0.52,3,stay_course
cut,98.2,5.5,2.8,36.2,-1.1,3,stay_course
maintain,82.9,5.4,2.4,97.3,-1.17,5,deload_week
cut,67.9,5.5,5.0,93.5,0.53,1,deload_week
bulk,49.8,6.4,1.9,59.5,0.98,6,stay_course
maintain,47.9,7.0,3.3,54.1,-1.14,2,increase_calories
maintain,44.5,7.8,2.2,48.5,-1.35,2,increase_calories
bulk,59.4,5.2,2.6,65.7,1.42,1,deload_week
maintain,56.5,9.5,1.9,44.3,-0.75,1,stay_course
maintain,68.2,5.0,1.6,62.4,0.87,6,deload_week
bulk,50.2,5.4,1.1,41.3,-1.22,4,deload_week
bulk,72.2,5.4,3.5,48.3,1.29,4,deload_week
cut,74.4,6.2,4.3,84.9,0.56,4,deload_week
cut,85.5,8.8,1.9,87.6,-0.77,1,increase_intensity
bulk,50.6,7.9,2.3,32.0,-0.81,4,stay_course
bulk,41.4,8.4,3.4,80.3,-0.21,6,stay_course
cut,67.2,8.0,2.6,95.7,-0.79,4,stay_course
bulk,86.8,5.2,4.2,55.6,-1.49,5,deload_week
cut,45.1,8.7,1.7,74.0,-0.52,2,stay_course
cut,99.5,7.9,3.6,31.0,-0.49,4,stay_course
cut,81.2,6.5,1.6,35.1,0.45,2,reduce_calories
cut,98.9,5.2,3.3,97.8,0.76,1,deload_week
bulk,75.4,8.4,2.1,60.1,0.33,3,stay_course
bulk,92.1,9.3,1.5,94.3,1.05,1,increase_intensity
bulk,81.5,5.6,4.4,60.3,0.66,6,deload_week
bulk,55.0,9.3,3.6,50.9,0.32,6,stay_course
bulk,70.7,7.6,3.6,49.8,-0.14,5,stay_course
bulk,67.5,8.6,4.7,78.7,-0.18,3,deload_week
cut,54.1,7.2,2.8,63.4,0.12,6,stay_course
cut,41.6,7.6,2.1,84.6,1.39,1,stay_course
bulk,77.7,9.4,3.0,67.3,-0.35,2,increase_calories
bulk,74.5,6.7,3.0,89.2,1.01,2,increase_intensity
maintain,71.0,5.5,5.0,32.7,0.43,3,deload_week
bulk,71.5,6.5,1.7,73.8,-0.79,1,increase_intensity
bulk,56.2,4.6,4.6,55.2,1.48,4,deload_week
bulk,77.2,7.9,3.3,32.1,-1.13,3,increase_calories
bulk,50.6,8.2,4.4,48.8,-0.95,5,deload_week
maintain,67.6,6.5,1.6,87.9,0.33,2,stay_course
bulk,54.8,9.3,3.7,81.8,1.04,4,reduce_calories
cut,92.0,5.5,4.8,94.7,1.3,3,deload_week
maintain,49.9,4.9,3.7,53.0,0.1,3,deload_week
bulk,99.4,6.9,4.7,54.0,-1.0,5,deload_week
cut,64.2,7.4,4.5,45.6,0.09,6,deload_week
maintain,46.1,8.8,4.8,37.4,0.63,3,deload_week
maintain,41.5,7.7,3.1,96.9,1.35,5,reduce_calories
maintain,40.9,6.1,3.0,77.6,0.97,2,reduce_calories
cut,51.6,7.6,1.5,77.3,0.04,5,stay_course
cut,95.6,5.1,2.9,63.9,-1.36,5,deload_week
bulk,60.0,5.7,4.2,36.0,-0.41,4,deload_week
maintain,45.3,6.0,1.4,87.9,-0.89,2,increase_calories
bulk,50.4,7.6,1.9,59.4,0.68,5,stay_course
cut,54.3,6.6,4.4,33.2,1.38,3,deload_week
cut,81.8,7.7,1.4,96.5,0.88,1,increase_intensity
maintain,50.6,6.4,3.1,99.8,0.59,5,stay_course
maintain,73.7,7.5,4.3,83.0,-1.48,3,deload_week
cut,54.1,7.1,3.2,83.7,-0.29,2,stay_course
maintain,73.4,9.1,4.1,59.1,1.37,5,reduce_calories
bulk,64.9,8.3,3.2,49.6,1.09,2,reduce_calories
maintain,82.4,7.1,4.9,92.5,-0.66,6,deload_week
maintain,84.0,6.6,2.5,90.7,0.86,5,increase_intensity
maintain,50.7,5.1,4.8,93.7,1.4,6,deload_week
maintain,99.1,4.6,4.7,30.4,-1.38,2,deload_week
maintain,62.4,5.6,3.6,46.2,1.38,2,reduce_calories
bulk,92.6,8.9,4.3,86.0,1.11,1,deload_week
cut,40.3,6.2,1.1,44.3,0.4,5,stay_course
bulk,50.9,5.0,2.2,89.6,0.07,4,deload_week
maintain,75.2,9.5,3.0,65.0,1.05,2,reduce_calories
maintain,66.9,7.7,2.8,96.5,0.43,2,stay_course
bulk,40.4,6.3,3.1,81.7,-1.0,3,stay_course
maintain,52.5,9.3,3.1,86.4,-0.98,5,increase_calories
cut,84.2,5.5,1.3,44.0,-1.07,6,stay_course
cut,77.6,7.6,1.2,81.7,1.16,5,increase_intensity
cut,64.9,6.9,1.8,68.7,-0.46,5,stay_course
cut,86.0,6.5,3.8,76.6,-0.97,2,stay_course
maintain,68.8,6.1,4.0,55.4,0.38,4,stay_course
cut,62.7,8.8,4.8,52.8,0.36,5,deload_week
bulk,84.5,6.4,3.6,46.9,-1.19,1,stay_course
bulk,92.1,8.1,4.8,75.2,-0.97,4,deload_week
bulk,52.9,6.7,3.9,45.2,0.19,5,stay_course
cut,97.4,9.1,2.3,42.1,0.23,5,reduce_calories
bulk,52.8,6.6,1.7,37.1,-0.22,3,stay_course
bulk,91.2,4.9,2.2,68.7,-1.07,2,deload_week
maintain,79.2,8.0,2.0,70.4,1.18,2,increase_intensity
maintain,73.4,6.0,2.7,64.2,0.43,6,stay_course
bulk,93.0,5.6,4.2,50.3,1.33,5,deload_week
maintain,55.7,5.8,4.2,84.2,0.33,6,deload_week
cut,50.8,6.7,4.3,90.2,-0.18,2,deload_week
bulk,50.5,4.8,1.2,47.3,1.2,4,deload_week
bulk,94.6,8.1,1.9,79.6,0.95,2,increase_intensity
bulk,97.1,9.2,3.1,39.1,-1.42,6,increase_calories
cut,48.1,6.3,3.9,80.8,-1.34,2,increase_calories
cut,42.3,4.7,4.0,64.2,0.93,6,deload_week
maintain,71.1,7.0,3.3,54.5,-0.87,6,increase_calories
bulk,82.3,6.4,3.1,42.9,0.41,4,stay_course
cut,87.9,9.1,4.2,87.0,-1.38,1,deload_week
maintain,98.7,5.7,2.6,35.7,0.22,5,stay_course
maintain,46.6,4.8,4.3,41.4,-0.87,6,deload_week
bulk,93.9,8.8,1.1,40.4,0.23,6,stay_course
bulk,85.0,7.8,1.4,43.9,-0.67,6,increase_calories
bulk,51.6,7.6,1.8,30.3,-0.25,4,stay_course
cut,52.6,7.5,1.4,97.7,-1.06,1,stay_course
bulk,49.1,5.3,1.8,38.3,0.56,6,deload_week
maintain,64.6,8.3,1.6,38.1,0.81,6,reduce_calories
cut,47.0,6.4,1.4,93.9,-1.37,5,increase_calories
bulk,41.9,5.2,2.4,82.0,0.09,4,deload_week
cut,51.9,7.6,3.9,32.6,0.22,4,stay_course
maintain,60.2,7.2,3.6,61.9,1.13,3,reduce_calories
bulk,46.2,8.3,2.1,37.0,-0.65,5,stay_course
bulk,63.7,7.1,4.7,90.2,0.23,3,deload_week
cut,49.0,5.9,1.5,88.8,0.27,6,stay_course
maintain,99.7,6.2,2.5,85.4,0.93,6,increase_intensity
bulk,40.1,9.2,3.9,69.8,-0.46,6,stay_course
bulk,69.8,4.6,1.4,97.8,-1.14,3,deload_week
cut,65.4,6.3,2.3,55.7,-0.58,2,stay_course
cut,90.8,5.8,1.3,82.0,-1.03,2,increase_intensity
maintain,95.8,6.6,2.4,41.3,-0.81,4,increase_calories
maintain,43.6,7.5,1.2,80.3,1.39,4,reduce_calories
maintain,91.7,4.6,1.9,38.9,-0.66,6,deload_week
cut,60.5,5.8,4.5,87.9,0.55,6,deload_week
cut,53.3,8.1,2.1,47.5,-1.13,5,stay_course
maintain,94.5,6.5,3.0,94.0,0.42,3,increase_intensity
maintain,93.6,6.0,1.3,61.0,0.53,3,stay_course
maintain,57.1,8.7,4.8,47.6,1.02,2,deload_week
maintain,67.7,4.5,1.2,34.2,-1.14,5,deload_week
cut,42.3,4.6,4.6,85.5,0.16,1,deload_week
maintain,63.9,8.3,1.4,41.3,0.05,5,stay_course
cut,71.0,8.6,3.7,61.3,-1.06,1,stay_course
bulk,46.5,6.2,1.2,35.9,0.03,4,stay_course
maintain,46.1,4.8,3.9,53.2,1.41,3,deload_week
maintain,98.2,9.3,3.0,44.0,-0.3,1,stay_course
bulk,51.8,4.6,2.7,54.4,1.08,6,deload_week
maintain,66.8,8.0,3.4,64.7,-0.89,5,increase_calories
cut,60.0,9.5,4.2,84.4,0.32,2,deload_week
maintain,95.3,8.7,4.6,60.6,-1.05,3,deload_week
bulk,43.8,5.7,1.6,89.8,-1.44,1,stay_course
maintain,64.2,6.6,2.2,53.1,0.27,1,stay_course
cut,43.0,7.4,3.7,38.7,-0.74,1,stay_course
bulk,79.3,7.4,3.2,95.9,-1.3,6,increase_calories
bulk,85.4,8.8,3.5,48.9,-1.49,2,increase_calories
bulk,99.8,4.8,4.1,33.0,0.33,5,deload_week
cut,88.5,6.0,4.3,87.5,1.29,4,deload_week
bulk,71.8,7.0,1.9,34.6,-0.11,4,stay_course
bulk,47.2,6.6,3.4,82.5,-1.19,4,stay_course
cut,48.9,6.9,4.8,64.0,0.21,2,deload_week
cut,89.9,8.3,2.7,44.8,0.57,5,reduce_calories
bulk,75.5,5.9,3.3,38.0,0.33,1,stay_course
cut,82.7,9.1,1.7,60.2,1.46,6,reduce_calories
cut,41.6,6.8,3.1,87.4,0.12,2,stay_course
cut,45.3,4.8,1.6,76.6,-1.42,6,deload_week
bulk,55.6,8.7,4.6,68.2,1.42,1,deload_week
cut,62.2,8.0,3.5,65.9,0.01,5,stay_course
maintain,94.0,9.0,1.3,61.1,-1.43,5,increase_calories
bulk,77.6,9.3,4.7,65.6,0.95,1,deload_week
bulk,95.7,9.0,2.2,39.7,0.77,4,stay_course
maintain,71.3,8.2,1.9,98.8,1.42,3,increase_intensity
maintain,96.0,7.2,1.2,31.8,0.12,4,stay_course
maintain,59.2,7.8,4.3,42.6,-0.93,5,deload_week
cut,58.0,6.5,4.1,76.8,1.3,5,stay_course
maintain,80.5,7.5,4.2,72.0,-0.23,5,deload_week
cut,67.8,8.3,3.3,99.9,1.29,4,stay_course
bulk,78.1,5.8,3.4,46.1,-1.15,1,stay_course
bulk,65.4,6.3,1.2,93.0,0.43,2,stay_course
maintain,57.0,9.0,3.8,69.1,-0.5,4,stay_course
maintain,46.4,9.2,3.3,90.1,0.48,6,stay_course
maintain,50.9,7.7,4.5,94.8,0.61,3,deload_week
bulk,62.6,7.2,3.9,95.5,-0.21,3,stay_course
maintain,70.7,5.3,2.8,40.7,-0.49,4,deload_week
cut,49.6,9.2,3.3,47.0,0.39,3,stay_course
bulk,72.8,4.5,4.9,97.2,0.84,3,deload_week
bulk,64.0,8.0,1.9,32.9,-0.19,3,stay_course
maintain,68.8,9.5,4.0,61.2,0.23,4,stay_course
cut,77.4,4.8,2.2,45.0,0.99,5,deload_week
bulk,54.9,7.8,4.9,74.8,-1.01,2,deload_week
bulk,64.4,5.7,2.9,58.5,-1.5,2,stay_course
cut,42.6,5.8,3.2,36.6,-0.5,6,stay_course
cut,94.6,6.3,4.8,82.5,-0.01,3,deload_week
cut,77.0,6.6,3.6,91.1,0.59,3,reduce_calories
cut,87.3,6.6,4.4,62.9,0.72,6,deload_week
cut,86.3,5.1,2.0,67.7,0.76,6,deload_week
cut,72.8,9.3,3.9,90.6,-0.11,5,stay_course
cut,45.8,4.9,2.1,66.2,1.49,2,deload_week
maintain,77.4,9.1,3.5,96.3,0.14,5,stay_course
bulk,72.3,8.5,2.0,98.3,-0.31,5,increase_intensity
bulk,66.4,9.2,2.5,51.9,1.18,1,reduce_calories
maintain,60.4,5.8,2.3,76.2,-1.17,5,increase_calories
cut,83.3,7.9,1.2,78.1,-0.07,3,increase_intensity
cut,81.8,6.4,3.8,54.6,-1.29,1,increase_calories
maintain,81.0,4.8,4.3,67.6,0.81,4,deload_week
cut,65.3,5.7,4.9,75.3,-1.2,5,deload_week
maintain,59.7,7.5,2.5,30.5,-1.43,6,increase_calories
bulk,74.3,8.5,2.2,98.0,-0.75,1,increase_intensity
maintain,95.2,9.5,3.7,49.2,1.21,5,reduce_calories
bulk,66.1,7.0,1.2,85.2,-0.71,1,stay_course
maintain,58.9,8.8,3.0,61.0,0.11,1,stay_course
bulk,67.0,9.3,4.1,97.5,-0.92,5,stay_course
bulk,41.7,5.2,4.4,55.9,0.9,4,deload_week
cut,91.3,5.4,2.7,79.0,-1.34,4,deload_week
bulk,60.0,7.5,1.9,33.8,0.58,6,stay_course
maintain,49.6,5.4,1.7,50.6,1.39,4,deload_week
maintain,97.9,6.9,3.6,51.7,-1.1,3,increase_calories
bulk,44.0,4.6,1.3,49.7,1.45,1,deload_week
maintain,94.6,8.8,4.3,47.6,0.89,6,deload_week
maintain,99.6,4.5,4.6,67.6,-1.17,5,deload_week
bulk,98.9,6.9,3.0,69.1,-0.91,1,stay_course
cut,74.7,8.9,2.4,95.2,1.19,3,increase_intensity
maintain,48.1,8.1,4.2,89.7,0.42,4,deload_week
cut,48.8,5.1,1.7,44.3,-0.75,6,deload_week
maintain,60.5,6.7,3.8,81.1,1.1,5,reduce_calories
cut,67.7,6.3,4.3,41.8,1.45,5,deload_week
cut,58.6,5.1,3.2,82.6,0.01,3,deload_week
maintain,87.8,9.4,2.1,32.2,1.33,3,reduce_calories
maintain,79.2,5.9,2.9,81.8,1.11,1,increase_intensity
cut,48.4,5.5,4.7,98.9,-0.64,5,deload_week
bulk,85.9,8.2,3.0,95.8,0.7,1,increase_intensity
maintain,66.3,8.4,4.1,47.0,-0.62,6,stay_course
bulk,84.5,6.9,1.1,90.7,0.17,4,increase_intensity
bulk,50.2,4.9,2.9,80.0,0.47,1,deload_week
cut,76.4,6.4,2.0,32.9,-0.51,6,stay_course
cut,42.0,7.5,4.2,46.1,0.66,5,deload_week
cut,56.0,9.0,2.3,46.1,-0.58,1,stay_course
bulk,87.3,8.2,3.1,80.1,-0.31,4,increase_calories
bulk,57.2,9.0,4.4,54.2,-0.98,3,deload_week
maintain,95.0,9.3,2.0,59.9,0.98,2,reduce_calories
bulk,92.7,7.9,2.9,73.4,-0.15,5,increase_intensity
cut,40.9,7.9,4.0,86.0,0.51,2,stay_course
bulk,75.7,5.2,2.8,65.2,0.48,5,deload_week
bulk,63.2,7.6,3.3,99.2,0.08,2,stay_course
bulk,75.9,6.0,4.9,63.7,0.61,4,deload_week
cut,56.5,6.7,1.6,56.4,-1.39,1,increase_calories
bulk,99.2,7.2,4.9,79.7,-0.97,2,deload_week
cut,89.9,7.7,3.4,41.4,-0.79,5,stay_course
cut,49.1,5.1,3.6,68.5,-1.41,2,deload_week
bulk,52.6,5.4,4.5,94.7,0.64,5,deload_week
cut,50.1,5.1,4.3,31.0,-0.81,1,deload_week
cut,43.8,7.1,2.8,56.6,-1.36,1,increase_calories
bulk,90.5,7.5,4.5,94.4,0.53,6,deload_week
maintain,47.3,7.2,4.3,43.3,-0.35,1,deload_week
maintain,43.7,8.1,4.6,50.3,-0.54,2,deload_week
bulk,96.6,7.4,4.0,85.0,-0.67,5,increase_calories
bulk,48.3,6.1,2.6,98.8,-0.55,6,stay_course
cut,42.1,5.5,4.1,31.2,1.01,4,stay_course
cut,40.2,8.6,2.1,53.1,0.73,4,stay_course
maintain,90.0,6.2,4.6,33.2,-0.2,6,deload_week
maintain,65.3,5.0,1.1,75.3,1.25,3,deload_week
cut,82.5,8.0,4.6,96.0,1.46,1,deload_week
maintain,72.5,5.0,3.5,94.6,0.27,5,deload_week
maintain,42.5,7.6,2.5,69.3,-0.92,4,increase_calories
bulk,52.1,7.3,2.5,80.8,0.19,4,stay_course
cut,63.3,6.8,1.1,46.4,-0.2,5,stay_course
bulk,93.9,7.3,2.9,99.7,0.48,4,increase_intensity
bulk,44.4,4.7,4.2,60.0,-0.41,1,deload_week
bulk,67.3,6.4,3.8,46.6,-1.43,1,stay_course
cut,65.9,8.0,5.0,61.8,1.39,5,deload_week
bulk,73.5,8.9,2.5,51.2,-1.26,1,stay_course
bulk,62.1,5.2,1.3,62.3,-0.49,3,deload_week
cut,67.6,6.8,3.8,77.0,-1.09,3,stay_course
maintain,76.1,8.4,1.4,77.1,1.0,5,increase_intensity
cut,56.8,7.5,3.4,95.8,-0.19,2,stay_course
cut,48.5,9.2,2.3,71.1,-0.15,6,stay_course
maintain,83.3,6.3,4.7,37.4,0.16,6,deload_week
maintain,62.4,8.7,1.2,60.5,0.02,1,stay_course
bulk,48.5,8.7,2.5,88.1,0.63,1,stay_course
bulk,43.0,7.7,1.9,79.3,-0.47,3,stay_course
cut,67.6,5.6,1.5,89.3,-0.09,2,stay_course
bulk,49.8,7.3,2.3,80.5,0.86,1,stay_course
cut,45.3,7.1,4.8,87.2,-0.95,6,deload_week
maintain,83.0,5.7,1.5,59.4,-0.33,5,stay_course
maintain,40.4,4.8,4.1,96.0,0.42,1,deload_week
cut,47.0,6.4,1.0,42.5,-0.11,1,stay_course
bulk,45.2,5.4,1.3,91.6,0.73,2,deload_week
maintain,43.2,7.3,1.8,32.3,-1.29,4,increase_calories
bulk,58.8,4.6,4.8,47.9,0.6,6,deload_week
cut,92.6,7.4,2.2,79.8,0.6,2,increase_intensity
bulk,48.5,7.3,2.9,71.5,0.22,4,stay_course
maintain,47.9,5.8,4.8,83.6,-0.26,6,deload_week
cut,97.6,8.5,3.1,39.9,-0.08,3,reduce_calories
bulk,45.0,9.0,3.9,35.0,-0.73,1,stay_course
cut,61.1,7.3,3.4,45.5,-0.95,4,stay_course
maintain,52.8,8.9,4.2,55.2,-0.73,2,deload_week
maintain,92.3,5.3,3.1,58.4,-0.68,5,deload_week
maintain,42.3,6.6,1.8,68.4,1.47,3,reduce_calories
maintain,95.9,7.0,3.2,97.7,-0.55,2,stay_course
maintain,95.3,8.5,3.5,89.5,-0.28,2,stay_course
bulk,42.8,6.2,2.8,61.1,-0.67,1,stay_course
maintain,61.6,7.6,2.4,55.5,-0.31,2,stay_course
bulk,51.0,8.6,3.4,67.9,-0.5,3,stay_course
cut,42.6,7.6,2.2,31.9,1.47,1,stay_course
cut,46.0,4.9,1.4,84.5,1.32,1,deload_week
bulk,99.2,4.6,2.3,50.6,1.33,6,deload_week
maintain,43.2,8.0,1.7,31.7,0.65,3,stay_course
cut,58.9,9.1,2.1,95.8,0.55,1,stay_course
cut,80.0,5.4,4.6,84.9,1.2,3,deload_week
cut,40.6,8.8,4.0,79.0,-1.35,3,increase_calories
cut,60.2,8.8,4.7,93.5,-0.46,6,deload_week
bulk,81.2,5.8,3.5,73.2,-1.4,3,increase_calories
cut,97.4,7.0,4.1,79.3,1.03,4,reduce_calories
bulk,73.0,9.2,3.8,71.3,-0.4,1,stay_course
cut,80.0,8.6,1.2,98.8,-0.64,6,increase_intensity
bulk,53.0,6.0,3.9,44.2,1.19,1,reduce_calories
cut,56.6,5.1,1.1,45.0,-1.36,5,deload_week
bulk,98.3,5.9,1.3,51.0,0.34,1,stay_course
cut,99.4,6.2,3.5,92.4,1.38,3,reduce_calories
maintain,85.6,5.7,2.5,69.7,-1.06,3,increase_calories
maintain,44.2,4.8,4.9,69.9,0.23,6,deload_week
cut,63.9,6.6,4.7,87.7,-1.32,5,deload_week
maintain,83.0,6.9,1.2,78.7,-0.78,4,increase_intensity
bulk,56.0,7.9,3.9,96.9,0.49,5,stay_course
maintain,58.4,8.0,4.9,90.3,-1.44,4,deload_week
maintain,67.5,8.3,4.4,53.4,-1.48,2,deload_week
bulk,60.9,4.6,3.0,99.0,-0.56,2,deload_week
maintain,51.0,5.0,3.1,42.9,-1.32,2,deload_week
bulk,96.8,8.0,1.6,85.2,-0.58,1,increase_intensity
cut,40.9,8.4,3.3,75.0,1.18,6,stay_course
cut,61.4,4.5,4.1,67.9,1.24,5,deload_week
maintain,54.6,5.3,4.6,36.2,-0.32,2,deload_week
cut,77.0,4.5,4.6,53.4,1.43,4,deload_week
maintain,85.3,9.5,3.2,98.7,-0.15,5,stay_course
cut,45.3,7.5,3.4,59.6,-1.0,1,stay_course
cut,97.2,5.7,3.7,91.8,0.89,6,reduce_calories
cut,67.5,6.3,1.7,47.9,1.45,1,stay_course
bulk,75.8,4.5,2.8,36.4,-0.47,2,deload_week
cut,82.8,7.3,1.7,60.2,1.37,1,stay_course
bulk,87.7,8.1,1.7,54.7,1.23,1,reduce_calories
bulk,74.4,6.9,1.0,55.6,-1.22,1,stay_course
cut,70.2,5.6,2.5,68.5,-1.26,5,increase_calories
maintain,74.1,6.8,4.9,41.7,0.57,4,deload_week
bulk,71.0,8.0,4.0,84.1,1.25,4,reduce_calories
bulk,85.9,8.0,4.4,34.7,1.44,5,deload_week
cut,70.5,7.4,4.6,86.3,-0.67,3,deload_week
cut,79.4,9.5,1.6,80.6,-0.07,1,increase_intensity
cut,50.7,5.6,2.2,38.9,1.28,2,stay_course
cut,79.7,5.3,2.0,49.4,-0.04,3,deload_week
bulk,52.7,5.2,4.0,66.7,-1.17,4,deload_week
maintain,74.6,8.1,3.8,77.1,0.71,6,stay_course
cut,47.7,7.7,4.9,49.4,0.64,2,deload_week
cut,91.1,5.2,2.8,55.1,1.29,6,deload_week
cut,54.6,8.1,1.2,84.4,-1.11,1,stay_course
maintain,60.1,4.7,2.0,43.8,0.55,1,deload_week
maintain,82.9,7.5,4.7,60.8,-0.12,4,deload_week
bulk,45.8,7.2,1.5,35.0,-1.43,2,stay_course
bulk,45.4,7.9,4.3,98.5,-1.28,3,deload_week
maintain,91.9,4.7,4.8,70.7,1.37,2,deload_week
cut,96.6,4.6,2.0,97.6,0.12,3,deload_week
cut,77.2,6.5,1.6,35.7,1.11,1,stay_course
maintain,69.2,7.0,2.5,69.0,-0.39,4,stay_course
maintain,67.6,8.3,4.6,56.8,0.6,2,deload_week
cut,74.2,8.5,2.4,34.2,0.24,3,stay_course
maintain,79.4,6.7,2.7,98.6,0.55,5,increase_intensity
cut,83.0,7.3,2.4,51.2,0.31,2,reduce_calories
maintain,51.4,8.7,2.5,60.4,1.0,1,reduce_calories
maintain,98.1,5.8,4.1,76.6,1.26,6,reduce_calories
maintain,96.5,7.3,2.3,77.1,-1.2,5,increase_intensity
bulk,78.2,9.3,3.1,64.5,1.46,6,reduce_calories
bulk,45.9,7.6,2.6,74.8,0.67,6,stay_course
cut,79.5,7.4,2.5,45.4,0.18,2,reduce_calories
cut,83.2,9.3,2.1,62.3,1.37,3,reduce_calories
bulk,43.5,7.2,1.9,48.3,-0.89,1,stay_course
bulk,54.5,4.9,4.3,89.4,0.09,4,deload_week
cut,62.4,8.1,2.5,62.7,0.68,6,stay_course
bulk,80.5,7.0,4.2,58.1,0.64,6,deload_week
maintain,83.3,9.2,4.7,53.5,-0.9,2,deload_week
maintain,62.2,6.9,4.4,57.5,1.29,5,deload_week
bulk,62.9,8.5,2.7,93.4,-1.12,2,stay_course
maintain,57.1,4.6,3.8,30.6,-0.5,5,deload_week
maintain,70.5,8.6,1.7,57.9,-1.07,3,increase_calories
bulk,62.9,6.0,2.8,37.9,1.27,1,reduce_calories
maintain,92.2,5.9,2.0,84.4,0.27,1,increase_intensity
maintain,50.9,5.1,4.3,33.7,0.5,3,deload_week
bulk,72.7,5.5,4.2,41.0,-0.25,1,deload_week
maintain,86.6,8.9,1.9,86.7,-0.14,4,increase_intensity
cut,79.5,6.8,1.4,93.5,1.21,1,increase_intensity
bulk,78.7,8.2,3.0,67.2,-0.43,2,increase_calories
cut,95.9,4.9,3.9,61.3,1.25,5,deload_week
maintain,59.1,5.5,4.3,76.1,0.72,2,deload_week
maintain,93.4,7.0,2.8,48.7,0.54,6,stay_course
maintain,42.9,7.0,3.6,41.5,0.44,6,stay_course
cut,81.5,6.6,2.4,81.9,-1.06,4,increase_intensity
maintain,67.2,7.4,2.6,52.7,-0.94,4,increase_calories
cut,46.7,9.1,3.6,33.3,0.79,6,stay_course
maintain,88.9,8.6,4.7,34.4,1.28,3,deload_week
maintain,78.9,7.8,1.2,31.8,-1.04,6,increase_calories
cut,83.8,4.8,1.7,62.4,1.04,2,deload_week
cut,65.5,7.5,1.9,70.2,0.88,2,stay_course
maintain,71.7,7.6,1.3,99.5,1.23,2,increase_intensity
cut,51.9,7.6,2.4,40.8,0.83,2,stay_course
bulk,41.6,7.7,3.3,74.2,-0.05,2,stay_course
maintain,47.7,6.4,3.5,87.9,1.08,6,reduce_calories
cut,94.6,5.2,1.6,78.5,0.94,2,deload_week
bulk,77.0,9.0,3.4,42.2,-0.64,4,increase_calories
bulk,81.6,9.0,4.3,84.7,-0.82,2,deload_week
maintain,65.6,7.0,4.9,62.9,-1.23,1,deload_week
bulk,98.6,4.7,1.7,72.5,0.86,1,deload_week
bulk,88.4,8.6,1.8,32.7,-1.46,1,stay_course
cut,63.8,6.3,4.4,87.7,0.16,5,deload_week
bulk,73.6,9.3,3.8,97.5,-0.02,6,stay_course
maintain,95.4,8.3,3.1,48.1,-0.29,2,stay_course
maintain,66.6,5.8,1.6,98.6,1.39,6,reduce_calories
cut,48.5,5.3,3.8,31.2,-1.18,5,deload_week
maintain,55.2,5.3,3.2,76.9,0.72,2,deload_week
bulk,88.9,9.5,3.5,42.9,0.7,3,stay_course
maintain,43.4,5.4,4.6,99.5,-0.49,3,deload_week
bulk,43.0,6.4,4.3,74.5,0.67,2,deload_week
cut,91.3,5.1,1.2,57.8,0.88,3,deload_week
cut,89.7,4.5,3.7,46.0,0.18,3,deload_week
cut,79.2,6.1,1.1,76.2,-0.84,4,increase_intensity
cut,64.1,4.8,4.1,76.5,-0.81,6,deload_week
maintain,79.4,6.4,2.3,49.4,-0.07,3,stay_course
maintain,55.1,4.9,1.7,73.8,-1.3,1,deload_week
maintain,98.6,5.8,1.3,83.6,0.52,3,increase_intensity
maintain,56.3,7.3,3.7,70.3,-0.37,2,stay_course
bulk,59.3,7.2,2.4,42.9,-0.07,1,stay_course
cut,41.1,5.3,4.9,76.7,-1.29,6,deload_week
maintain,45.8,8.1,1.4,51.5,1.32,5,reduce_calories
cut,85.1,6.6,4.8,58.2,0.1,6,deload_week
maintain,64.4,7.3,3.1,45.1,-1.01,4,increase_calories
maintain,53.9,8.5,4.9,43.0,-0.19,4,deload_week
bulk,85.9,6.8,2.4,70.4,0.09,5,increase_intensity
maintain,78.9,6.6,1.9,74.6,-0.88,6,increase_intensity
bulk,74.3,9.1,3.8,44.2,0.31,6,stay_course
maintain,59.7,5.4,4.8,77.0,0.86,6,deload_week
maintain,50.9,5.1,1.2,38.5,-1.29,1,deload_week
maintain,69.2,6.4,5.0,69.4,-0.13,3,deload_week
maintain,40.4,4.7,1.6,97.8,-0.11,3,deload_week
maintain,72.7,8.3,3.0,50.8,-0.16,4,stay_course
maintain,93.1,4.9,4.3,57.0,-0.46,6,deload_week
cut,55.4,6.2,1.1,47.1,-0.56,2,stay_course
maintain,52.0,7.4,2.5,49.1,-0.22,2,stay_course
maintain,66.5,5.0,3.5,75.5,-1.09,6,deload_week
maintain,53.4,5.5,3.8,71.5,0.66,2,stay_course
maintain,61.0,5.3,1.6,58.9,-0.88,3,deload_week
cut,99.2,8.8,3.5,94.1,0.36,5,reduce_calories
bulk,85.8,7.6,2.4,49.7,0.47,2,stay_course
maintain,98.3,8.3,4.5,95.9,-0.62,2,deload_week
maintain,82.5,8.4,4.2,51.4,-1.14,5,deload_week
bulk,75.3,8.3,2.0,79.4,1.07,3,increase_intensity
bulk,67.1,5.6,4.5,91.4,-0.71,5,deload_week
bulk,90.2,8.0,1.7,45.7,0.28,5,stay_course
maintain,47.7,8.1,3.9,45.3,0.23,5,stay_course
bulk,86.2,7.1,4.4,48.9,-0.75,1,deload_week
cut,99.9,8.3,2.8,34.3,-0.98,4,stay_course
cut,68.7,6.0,4.4,54.3,-0.64,6,deload_week
maintain,62.2,6.9,3.3,90.1,-1.12,2,increase_calories
cut,42.6,5.9,2.7,51.3,1.29,2,stay_course
bulk,76.7,7.3,4.3,39.9,0.71,3,deload_week
cut,48.2,5.1,3.9,62.3,1.08,3,deload_week
bulk,82.4,6.5,2.3,53.6,0.53,4,stay_course
cut,73.3,6.7,4.2,94.6,0.33,1,deload_week
maintain,82.3,7.3,1.8,78.7,-0.31,2,increase_intensity
cut,44.3,9.2,3.2,33.4,-0.89,2,stay_course
cut,89.7,5.3,3.7,39.5,1.07,2,deload_week
maintain,67.5,5.4,2.6,75.9,-1.44,2,deload_week
bulk,67.0,7.4,3.0,78.5,0.9,4,stay_course
bulk,89.9,4.7,4.2,99.2,0.45,6,deload_week
bulk,93.8,7.3,2.1,82.7,1.38,2,increase_intensity
bulk,45.4,7.8,2.9,92.2,-1.31,3,stay_course
cut,99.6,6.0,4.4,34.1,-0.81,3,deload_week
cut,49.8,8.6,3.4,49.6,-0.33,2,stay_course
maintain,85.1,8.1,4.0,83.1,-0.9,2,increase_calories
bulk,99.6,7.6,1.9,39.5,-1.1,4,increase_calories
bulk,99.5,5.6,4.5,46.1,-0.84,3,deload_week
maintain,68.1,4.8,3.8,76.9,-0.22,4,deload_week
maintain,96.0,4.6,4.4,39.9,-0.06,5,deload_week
maintain,85.1,6.1,4.6,34.0,-0.67,3,deload_week
cut,43.4,9.2,1.7,46.2,0.25,3,stay_course
maintain,50.2,4.6,2.1,94.3,0.88,1,deload_week
cut,72.4,6.8,4.8,86.0,0.93,1,deload_week
cut,67.3,5.3,1.7,85.8,-0.62,3,deload_week
cut,66.4,8.9,2.7,88.2,0.48,5,stay_course
maintain,83.8,9.3,4.3,63.3,0.41,4,deload_week
maintain,89.5,6.6,3.5,88.3,1.31,2,reduce_calories
maintain,43.0,6.3,3.2,67.6,1.26,2,reduce_calories
bulk,68.1,5.2,3.0,95.2,-0.96,3,deload_week
bulk,42.4,9.3,4.1,54.0,-0.32,5,stay_course
maintain,82.8,9.1,3.9,40.3,-0.76,2,stay_course
bulk,51.3,7.4,4.8,85.6,-1.2,1,deload_week
cut,98.8,5.1,2.8,65.9,-0.79,3,deload_week
bulk,73.2,8.5,4.0,33.5,1.25,1,reduce_calories
maintain,91.3,8.8,2.9,78.6,0.89,2,increase_intensity
bulk,49.1,5.0,4.9,73.2,0.58,2,deload_week
bulk,59.1,8.9,4.1,64.6,-0.98,2,stay_course
maintain,96.7,8.2,2.0,69.0,-0.95,1,increase_calories
maintain,91.4,5.2,1.5,42.3,0.54,6,deload_week
maintain,75.5,7.7,4.4,43.5,-0.91,6,deload_week
cut,81.5,8.6,1.8,50.3,-0.59,1,stay_course
maintain,70.1,7.1,3.0,70.6,-0.51,3,increase_intensity
maintain,41.2,5.3,4.4,73.0,-0.37,5,deload_week
bulk,61.0,7.6,4.5,43.3,0.55,4,deload_week
maintain,77.4,9.0,2.6,74.4,-0.87,5,increase_intensity
bulk,59.0,5.7,1.7,94.5,-0.08,2,stay_course
cut,94.7,7.3,1.1,35.6,-0.3,5,stay_course
cut,48.5,7.5,1.1,55.8,0.68,2,stay_course
cut,75.6,5.1,2.3,90.5,1.29,4,deload_week
cut,42.5,7.5,2.3,76.5,0.24,2,stay_course
maintain,54.7,7.8,4.2,75.2,-0.98,5,deload_week
bulk,57.8,8.3,1.7,60.2,-1.27,6,stay_course
maintain,77.4,4.6,3.7,53.8,-0.92,6,deload_week
cut,53.4,7.2,4.4,33.1,0.22,2,deload_week
bulk,91.3,4.8,3.6,42.4,-1.04,2,deload_week
cut,62.3,6.0,3.7,91.8,0.63,5,stay_course
cut,92.2,7.2,3.1,99.4,-0.61,1,stay_course
cut,85.8,5.0,2.3,68.9,-1.32,3,deload_week
maintain,85.0,8.7,3.7,33.0,-0.34,5,stay_course
bulk,94.9,7.0,3.6,63.6,1.0,5,stay_course
maintain,86.6,9.3,3.6,49.7,1.11,6,reduce_calories
maintain,86.5,5.1,2.7,39.1,-0.61,2,deload_week
cut,76.6,8.1,2.7,40.1,-1.27,2,increase_calories
cut,58.3,4.8,2.1,72.8,0.1,1,deload_week
maintain,84.0,9.2,4.7,69.8,1.09,1,deload_week
cut,68.3,7.6,1.6,83.2,0.26,5,stay_course
bulk,56.7,8.0,1.4,41.3,0.59,1,stay_course
bulk,73.0,4.8,4.5,59.6,-1.44,6,deload_week
bulk,50.1,4.5,1.0,95.5,0.74,5,deload_week
maintain,51.6,6.5,4.5,30.3,0.4,3,deload_week
cut,56.2,8.9,4.6,68.5,-1.49,3,deload_week
bulk,81.3,9.1,4.4,73.1,0.48,5,deload_week
bulk,43.7,6.8,3.1,60.3,0.97,4,stay_course
cut,91.5,5.4,3.2,92.3,1.15,5,deload_week
bulk,93.6,7.9,4.5,44.3,0.94,4,deload_week
bulk,45.0,6.2,1.5,74.2,0.13,4,stay_course
cut,63.9,5.0,2.7,51.3,0.83,1,deload_week
cut,51.4,7.8,4.2,44.1,-0.82,5,deload_week
cut,45.9,7.2,3.0,98.0,-0.45,2,stay_course
maintain,84.2,8.1,1.3,63.4,0.62,6,stay_course
bulk,41.2,9.3,2.9,57.0,0.45,4,stay_course
bulk,83.4,8.6,1.7,74.4,1.3,5,increase_intensity
cut,91.4,8.6,2.0,35.3,-1.12,5,stay_course
maintain,97.4,5.1,4.7,78.6,-0.44,5,deload_week
maintain,74.8,7.2,2.0,78.5,-0.45,4,increase_intensity
cut,84.1,4.6,3.9,81.2,0.6,4,deload_week
maintain,81.8,8.6,3.1,83.5,0.33,3,stay_course
bulk,89.8,5.2,2.8,51.6,0.02,5,deload_week
cut,60.6,5.6,2.1,60.5,0.41,4,stay_course
bulk,57.9,5.2,4.4,31.6,-0.7,4,deload_week
cut,85.9,6.6,3.4,99.8,-1.31,4,increase_calories
bulk,77.1,6.9,3.2,68.7,0.29,3,stay_course
bulk,80.8,5.8,2.4,73.2,0.21,4,increase_intensity
maintain,44.5,7.0,4.2,86.1,1.04,1,deload_week
maintain,67.7,5.9,2.8,96.1,-0.47,4,stay_course
bulk,74.9,8.5,1.4,56.7,0.83,5,stay_course
cut,55.9,6.1,4.2,41.7,0.42,4,deload_week
cut,59.6,5.4,4.3,99.1,-1.01,2,deload_week
maintain,42.3,6.5,3.2,93.1,-1.45,5,increase_calories
cut,56.2,8.7,2.4,37.3,-0.84,5,stay_course
bulk,74.4,5.4,3.7,32.9,-0.05,6,deload_week
bulk,73.1,7.6,3.9,48.3,1.06,1,reduce_calories
bulk,60.9,9.4,1.9,40.5,1.38,3,reduce_calories
cut,42.8,5.6,3.7,80.4,0.78,4,stay_course
cut,75.5,8.8,3.4,75.2,-1.45,3,increase_calories
maintain,57.6,7.3,4.1,43.4,-0.19,5,stay_course
bulk,90.7,9.5,2.7,69.9,0.01,4,increase_calories
bulk,94.7,7.8,3.1,41.3,1.13,1,reduce_calories
cut,46.8,8.3,2.7,92.2,-1.13,2,stay_course
maintain,95.1,6.0,4.9,39.2,0.29,1,deload_week
maintain,69.0,7.8,4.8,69.1,1.29,3,deload_week
cut,58.1,4.7,1.6,84.5,-1.15,3,deload_week
bulk,75.8,8.9,1.5,95.3,0.8,2,increase_intensity
cut,47.5,4.5,1.9,95.2,0.44,3,deload_week
maintain,87.6,5.8,2.2,93.1,-0.59,3,increase_intensity
bulk,87.1,6.4,1.9,60.6,-0.99,2,increase_calories
bulk,53.5,4.5,4.3,97.9,-0.64,6,deload_week
maintain,53.1,5.3,4.3,93.0,-1.33,6,deload_week
cut,63.7,7.8,4.8,95.1,-1.3,6,deload_week
maintain,54.2,8.4,1.6,97.9,-0.02,4,stay_course
maintain,72.2,7.2,2.0,54.3,-0.54,6,stay_course
maintain,73.2,5.4,3.3,51.4,0.54,3,deload_week
cut,82.8,6.1,2.6,98.4,-0.52,3,increase_intensity
bulk,45.0,4.8,2.3,33.7,1.06,1,deload_week
maintain,58.5,5.0,2.8,51.5,-0.09,3,deload_week
bulk,52.9,8.4,2.2,91.2,0.7,6,stay_course
maintain,46.7,8.4,2.8,54.9,-0.6,5,stay_course
maintain,52.0,5.9,4.6,44.2,-0.5,4,deload_week
bulk,72.1,5.6,1.5,45.2,-1.25,1,stay_course
bulk,52.1,8.6,3.1,72.1,-0.95,1,stay_course
bulk,68.5,7.2,1.7,94.0,-1.3,2,stay_course
maintain,72.6,5.5,2.1,68.8,-0.95,6,increase_calories
cut,58.8,5.1,3.8,58.6,1.0,2,deload_week
maintain,83.7,6.9,4.2,65.8,-1.2,5,deload_week
cut,61.4,7.9,1.8,49.5,-0.36,1,stay_course
bulk,68.8,8.2,4.7,71.5,-0.31,1,deload_week
maintain,53.5,8.6,1.5,72.3,-0.73,4,stay_course
bulk,87.6,5.8,4.6,33.7,0.26,5,deload_week
cut,81.4,5.1,3.1,68.8,-0.06,5,deload_week
cut,71.9,5.7,4.7,79.6,-1.01,6,deload_week
cut,72.4,6.5,3.1,93.3,-0.99,3,stay_course
maintain,56.6,9.2,4.1,50.8,0.75,6,stay_course
bulk,83.5,7.4,2.8,69.3,1.13,4,reduce_calories
maintain,78.1,7.4,4.0,38.8,0.05,1,stay_course
bulk,43.1,5.2,2.8,70.9,0.69,5,deload_week
bulk,93.8,8.7,4.4,87.4,-0.6,5,deload_week
cut,78.4,9.0,2.8,35.7,-1.46,3,increase_calories
bulk,71.7,9.1,2.1,53.0,-1.2,3,stay_course
cut,65.5,8.3,1.6,99.6,1.45,1,stay_course
cut,50.9,5.6,1.1,67.0,-0.47,4,stay_course
bulk,46.8,4.9,2.0,99.0,-0.02,5,deload_week
cut,56.5,9.1,3.3,92.1,-1.43,5,increase_calories
bulk,95.0,9.3,3.9,74.1,-1.0,1,stay_course
maintain,68.1,4.7,2.3,69.2,-0.22,4,deload_week
bulk,52.5,8.6,2.5,74.0,0.47,6,stay_course
bulk,72.3,4.6,3.9,97.3,-1.46,6,deload_week
maintain,51.7,7.9,1.1,82.1,-1.13,2,increase_calories
bulk,44.8,5.7,4.4,38.8,0.22,4,deload_week
maintain,48.1,8.8,2.4,47.0,-0.22,5,stay_course
cut,81.4,6.1,3.1,37.1,0.01,1,stay_course
cut,57.0,4.8,1.5,44.9,-0.12,4,deload_week
cut,94.3,9.2,4.2,67.2,-0.88,4,deload_week
cut,94.9,4.9,3.8,65.7,0.3,5,deload_week
cut,52.5,5.7,3.5,79.3,0.38,5,stay_course
maintain,98.5,9.4,4.4,60.1,-0.4,3,deload_week
maintain,79.9,4.9,2.3,57.0,-0.37,5,deload_week
